Drug_Name,Food_Name,Drug_SMILES,Food_SMILES,Drug_Class,Bioavail_Change_Pct,interactions,Split
Carmustine,Grapefruit,C(CCl)NC(=O)N(CCCl)N=O,CC(=CCC/C(=C/COC1=C2C=CC(=O)OC2=CC3=C1C=CO3)/C)C,alkylating_agent,0.0,0,train
Carmustine,Caffeine,C(CCl)NC(=O)N(CCCl)N=O,CN1C=NC2=C1C(=O)N(C(=O)N2C)C,alkylating_agent,0.0,0,train
Carmustine,Alcohol,C(CCl)NC(=O)N(CCCl)N=O,CCO,alkylating_agent,0.0,0,train
Carmustine,St. John'S Wort,C(CCl)NC(=O)N(CCCl)N=O,CC(C)C(=O)[C@]12C(=O)C(=C([C@](C1=O)(C[C@@H]([C@@]2(C)CCC=C(C)C)CC=C(C)C)CC=C(C)C)O)CC=C(C)C,alkylating_agent,0.0,0,train
Carmustine,Fat,C(CCl)NC(=O)N(CCCl)N=O,CCCCCCCC/C=C\CCCCCCCC(=O)O,alkylating_agent,0.0,0,train
Carmustine,Dairy,C(CCl)NC(=O)N(CCCl)N=O,[Ca],alkylating_agent,0.0,0,train
Carmustine,Garlic,C(CCl)NC(=O)N(CCCl)N=O,C=CCSS(=O)CC=C,alkylating_agent,0.0,0,train
Carmustine,Green Tea,C(CCl)NC(=O)N(CCCl)N=O,C1[C@H]([C@H](OC2=CC(=CC(=C21)O)O)C3=CC(=C(C(=C3)O)O)O)OC(=O)C4=CC(=C(C(=C4)O)O)O,alkylating_agent,0.0,0,train
Carmustine,Calcium,C(CCl)NC(=O)N(CCCl)N=O,[Ca],alkylating_agent,0.0,0,train
Carmustine,Vitamin C,C(CCl)NC(=O)N(CCCl)N=O,C([C@@H]([C@@H]1C(=C(C(=O)O1)O)O)O)O,alkylating_agent,0.0,0,train
Raloxifene,Grapefruit,C1CCN(CC1)CCOC2=CC=C(C=C2)C(=O)C3=C(SC4=C3C=CC(=C4)O)C5=CC=C(C=C5)O,CC(=CCC/C(=C/COC1=C2C=CC(=O)OC2=CC3=C1C=CO3)/C)C,SERM,0.0,0,train
Raloxifene,Caffeine,C1CCN(CC1)CCOC2=CC=C(C=C2)C(=O)C3=C(SC4=C3C=CC(=C4)O)C5=CC=C(C=C5)O,CN1C=NC2=C1C(=O)N(C(=O)N2C)C,SERM,0.0,0,train
Raloxifene,Alcohol,C1CCN(CC1)CCOC2=CC=C(C=C2)C(=O)C3=C(SC4=C3C=CC(=C4)O)C5=CC=C(C=C5)O,CCO,SERM,-24.5,1,train
Raloxifene,St. John'S Wort,C1CCN(CC1)CCOC2=CC=C(C=C2)C(=O)C3=C(SC4=C3C=CC(=C4)O)C5=CC=C(C=C5)O,CC(C)C(=O)[C@]12C(=O)C(=C([C@](C1=O)(C[C@@H]([C@@]2(C)CCC=C(C)C)CC=C(C)C)CC=C(C)C)O)CC=C(C)C,SERM,0.0,0,train
Raloxifene,Fat,C1CCN(CC1)CCOC2=CC=C(C=C2)C(=O)C3=C(SC4=C3C=CC(=C4)O)C5=CC=C(C=C5)O,CCCCCCCC/C=C\CCCCCCCC(=O)O,SERM,52.0,2,train
Raloxifene,Dairy,C1CCN(CC1)CCOC2=CC=C(C=C2)C(=O)C3=C(SC4=C3C=CC(=C4)O)C5=CC=C(C=C5)O,[Ca],SERM,0.0,0,train
Raloxifene,Garlic,C1CCN(CC1)CCOC2=CC=C(C=C2)C(=O)C3=C(SC4=C3C=CC(=C4)O)C5=CC=C(C=C5)O,C=CCSS(=O)CC=C,SERM,0.0,0,train
Raloxifene,Green Tea,C1CCN(CC1)CCOC2=CC=C(C=C2)C(=O)C3=C(SC4=C3C=CC(=C4)O)C5=CC=C(C=C5)O,C1[C@H]([C@H](OC2=CC(=CC(=C21)O)O)C3=CC(=C(C(=C3)O)O)O)OC(=O)C4=CC(=C(C(=C4)O)O)O,SERM,0.0,0,train
Raloxifene,Calcium,C1CCN(CC1)CCOC2=CC=C(C=C2)C(=O)C3=C(SC4=C3C=CC(=C4)O)C5=CC=C(C=C5)O,[Ca],SERM,16.6,1,train
Raloxifene,Vitamin C,C1CCN(CC1)CCOC2=CC=C(C=C2)C(=O)C3=C(SC4=C3C=CC(=C4)O)C5=CC=C(C=C5)O,C([C@@H]([C@@H]1C(=C(C(=O)O1)O)O)O)O,SERM,0.0,0,train
Dasatinib,Grapefruit,CC1=C(C(=CC=C1)Cl)NC(=O)C2=CN=C(S2)NC3=CC(=NC(=N3)C)N4CCN(CC4)CCO,CC(=CCC/C(=C/COC1=C2C=CC(=O)OC2=CC3=C1C=CO3)/C)C,BCR-ABL_inhibitor,34.7,2,unseen
Dasatinib,Caffeine,CC1=C(C(=CC=C1)Cl)NC(=O)C2=CN=C(S2)NC3=CC(=NC(=N3)C)N4CCN(CC4)CCO,CN1C=NC2=C1C(=O)N(C(=O)N2C)C,BCR-ABL_inhibitor,0.0,0,unseen
Dasatinib,Alcohol,CC1=C(C(=CC=C1)Cl)NC(=O)C2=CN=C(S2)NC3=CC(=NC(=N3)C)N4CCN(CC4)CCO,CCO,BCR-ABL_inhibitor,0.0,0,unseen
Dasatinib,St. John'S Wort,CC1=C(C(=CC=C1)Cl)NC(=O)C2=CN=C(S2)NC3=CC(=NC(=N3)C)N4CCN(CC4)CCO,CC(C)C(=O)[C@]12C(=O)C(=C([C@](C1=O)(C[C@@H]([C@@]2(C)CCC=C(C)C)CC=C(C)C)CC=C(C)C)O)CC=C(C)C,BCR-ABL_inhibitor,0.0,0,unseen
Dasatinib,Fat,CC1=C(C(=CC=C1)Cl)NC(=O)C2=CN=C(S2)NC3=CC(=NC(=N3)C)N4CCN(CC4)CCO,CCCCCCCC/C=C\CCCCCCCC(=O)O,BCR-ABL_inhibitor,31.7,2,unseen
Dasatinib,Dairy,CC1=C(C(=CC=C1)Cl)NC(=O)C2=CN=C(S2)NC3=CC(=NC(=N3)C)N4CCN(CC4)CCO,[Ca],BCR-ABL_inhibitor,0.0,0,unseen
Dasatinib,Garlic,CC1=C(C(=CC=C1)Cl)NC(=O)C2=CN=C(S2)NC3=CC(=NC(=N3)C)N4CCN(CC4)CCO,C=CCSS(=O)CC=C,BCR-ABL_inhibitor,0.0,0,unseen
Dasatinib,Green Tea,CC1=C(C(=CC=C1)Cl)NC(=O)C2=CN=C(S2)NC3=CC(=NC(=N3)C)N4CCN(CC4)CCO,C1[C@H]([C@H](OC2=CC(=CC(=C21)O)O)C3=CC(=C(C(=C3)O)O)O)OC(=O)C4=CC(=C(C(=C4)O)O)O,BCR-ABL_inhibitor,0.0,0,unseen
Dasatinib,Calcium,CC1=C(C(=CC=C1)Cl)NC(=O)C2=CN=C(S2)NC3=CC(=NC(=N3)C)N4CCN(CC4)CCO,[Ca],BCR-ABL_inhibitor,0.0,0,unseen
Dasatinib,Vitamin C,CC1=C(C(=CC=C1)Cl)NC(=O)C2=CN=C(S2)NC3=CC(=NC(=N3)C)N4CCN(CC4)CCO,C([C@@H]([C@@H]1C(=C(C(=O)O1)O)O)O)O,BCR-ABL_inhibitor,0.0,0,unseen
Vandetanib,Grapefruit,CN1CCC(CC1)COC2=C(C=C3C(=C2)N=CN=C3NC4=C(C=C(C=C4)Br)F)OC,CC(=CCC/C(=C/COC1=C2C=CC(=O)OC2=CC3=C1C=CO3)/C)C,EGFR_inhibitor,0.0,0,train
Vandetanib,Caffeine,CN1CCC(CC1)COC2=C(C=C3C(=C2)N=CN=C3NC4=C(C=C(C=C4)Br)F)OC,CN1C=NC2=C1C(=O)N(C(=O)N2C)C,EGFR_inhibitor,0.0,0,train
Vandetanib,Alcohol,CN1CCC(CC1)COC2=C(C=C3C(=C2)N=CN=C3NC4=C(C=C(C=C4)Br)F)OC,CCO,EGFR_inhibitor,0.0,0,train
Vandetanib,St. John'S Wort,CN1CCC(CC1)COC2=C(C=C3C(=C2)N=CN=C3NC4=C(C=C(C=C4)Br)F)OC,CC(C)C(=O)[C@]12C(=O)C(=C([C@](C1=O)(C[C@@H]([C@@]2(C)CCC=C(C)C)CC=C(C)C)CC=C(C)C)O)CC=C(C)C,EGFR_inhibitor,-57.3,2,train
Vandetanib,Fat,CN1CCC(CC1)COC2=C(C=C3C(=C2)N=CN=C3NC4=C(C=C(C=C4)Br)F)OC,CCCCCCCC/C=C\CCCCCCCC(=O)O,EGFR_inhibitor,48.0,2,train
Vandetanib,Dairy,CN1CCC(CC1)COC2=C(C=C3C(=C2)N=CN=C3NC4=C(C=C(C=C4)Br)F)OC,[Ca],EGFR_inhibitor,0.0,0,train
Vandetanib,Garlic,CN1CCC(CC1)COC2=C(C=C3C(=C2)N=CN=C3NC4=C(C=C(C=C4)Br)F)OC,C=CCSS(=O)CC=C,EGFR_inhibitor,0.0,0,train
Vandetanib,Green Tea,CN1CCC(CC1)COC2=C(C=C3C(=C2)N=CN=C3NC4=C(C=C(C=C4)Br)F)OC,C1[C@H]([C@H](OC2=CC(=CC(=C21)O)O)C3=CC(=C(C(=C3)O)O)O)OC(=O)C4=CC(=C(C(=C4)O)O)O,EGFR_inhibitor,0.0,0,train
Vandetanib,Calcium,CN1CCC(CC1)COC2=C(C=C3C(=C2)N=CN=C3NC4=C(C=C(C=C4)Br)F)OC,[Ca],EGFR_inhibitor,15.2,1,train
Vandetanib,Vitamin C,CN1CCC(CC1)COC2=C(C=C3C(=C2)N=CN=C3NC4=C(C=C(C=C4)Br)F)OC,C([C@@H]([C@@H]1C(=C(C(=O)O1)O)O)O)O,EGFR_inhibitor,0.0,0,train
Ospemifene,Grapefruit,C1=CC=C(C=C1)/C(=C(/C2=CC=CC=C2)\C3=CC=C(C=C3)OCCO)/CCCl,CC(=CCC/C(=C/COC1=C2C=CC(=O)OC2=CC3=C1C=CO3)/C)C,SERM,0.0,0,train
Ospemifene,Caffeine,C1=CC=C(C=C1)/C(=C(/C2=CC=CC=C2)\C3=CC=C(C=C3)OCCO)/CCCl,CN1C=NC2=C1C(=O)N(C(=O)N2C)C,SERM,0.0,0,train
Ospemifene,Alcohol,C1=CC=C(C=C1)/C(=C(/C2=CC=CC=C2)\C3=CC=C(C=C3)OCCO)/CCCl,CCO,SERM,0.0,0,train
Ospemifene,St. John'S Wort,C1=CC=C(C=C1)/C(=C(/C2=CC=CC=C2)\C3=CC=C(C=C3)OCCO)/CCCl,CC(C)C(=O)[C@]12C(=O)C(=C([C@](C1=O)(C[C@@H]([C@@]2(C)CCC=C(C)C)CC=C(C)C)CC=C(C)C)O)CC=C(C)C,SERM,0.0,0,train
Ospemifene,Fat,C1=CC=C(C=C1)/C(=C(/C2=CC=CC=C2)\C3=CC=C(C=C3)OCCO)/CCCl,CCCCCCCC/C=C\CCCCCCCC(=O)O,SERM,59.1,2,train
Ospemifene,Dairy,C1=CC=C(C=C1)/C(=C(/C2=CC=CC=C2)\C3=CC=C(C=C3)OCCO)/CCCl,[Ca],SERM,0.0,0,train
Ospemifene,Garlic,C1=CC=C(C=C1)/C(=C(/C2=CC=CC=C2)\C3=CC=C(C=C3)OCCO)/CCCl,C=CCSS(=O)CC=C,SERM,0.0,0,train
Ospemifene,Green Tea,C1=CC=C(C=C1)/C(=C(/C2=CC=CC=C2)\C3=CC=C(C=C3)OCCO)/CCCl,C1[C@H]([C@H](OC2=CC(=CC(=C21)O)O)C3=CC(=C(C(=C3)O)O)O)OC(=O)C4=CC(=C(C(=C4)O)O)O,SERM,0.0,0,train
Ospemifene,Calcium,C1=CC=C(C=C1)/C(=C(/C2=CC=CC=C2)\C3=CC=C(C=C3)OCCO)/CCCl,[Ca],SERM,0.0,0,train
Ospemifene,Vitamin C,C1=CC=C(C=C1)/C(=C(/C2=CC=CC=C2)\C3=CC=C(C=C3)OCCO)/CCCl,C([C@@H]([C@@H]1C(=C(C(=O)O1)O)O)O)O,SERM,0.0,0,train
Nilotinib,Grapefruit,CC1=C(C=C(C=C1)C(=O)NC2=CC(=CC(=C2)C(F)(F)F)N3C=C(N=C3)C)NC4=NC=CC(=N4)C5=CN=CC=C5,CC(=CCC/C(=C/COC1=C2C=CC(=O)OC2=CC3=C1C=CO3)/C)C,BCR-ABL_inhibitor,55.0,2,train
Nilotinib,Caffeine,CC1=C(C=C(C=C1)C(=O)NC2=CC(=CC(=C2)C(F)(F)F)N3C=C(N=C3)C)NC4=NC=CC(=N4)C5=CN=CC=C5,CN1C=NC2=C1C(=O)N(C(=O)N2C)C,BCR-ABL_inhibitor,0.0,0,train
Nilotinib,Alcohol,CC1=C(C=C(C=C1)C(=O)NC2=CC(=CC(=C2)C(F)(F)F)N3C=C(N=C3)C)NC4=NC=CC(=N4)C5=CN=CC=C5,CCO,BCR-ABL_inhibitor,0.0,0,train
Nilotinib,St. John'S Wort,CC1=C(C=C(C=C1)C(=O)NC2=CC(=CC(=C2)C(F)(F)F)N3C=C(N=C3)C)NC4=NC=CC(=N4)C5=CN=CC=C5,CC(C)C(=O)[C@]12C(=O)C(=C([C@](C1=O)(C[C@@H]([C@@]2(C)CCC=C(C)C)CC=C(C)C)CC=C(C)C)O)CC=C(C)C,BCR-ABL_inhibitor,0.0,0,train
Nilotinib,Fat,CC1=C(C=C(C=C1)C(=O)NC2=CC(=CC(=C2)C(F)(F)F)N3C=C(N=C3)C)NC4=NC=CC(=N4)C5=CN=CC=C5,CCCCCCCC/C=C\CCCCCCCC(=O)O,BCR-ABL_inhibitor,36.4,2,train
Nilotinib,Dairy,CC1=C(C=C(C=C1)C(=O)NC2=CC(=CC(=C2)C(F)(F)F)N3C=C(N=C3)C)NC4=NC=CC(=N4)C5=CN=CC=C5,[Ca],BCR-ABL_inhibitor,0.0,0,train
Nilotinib,Garlic,CC1=C(C=C(C=C1)C(=O)NC2=CC(=CC(=C2)C(F)(F)F)N3C=C(N=C3)C)NC4=NC=CC(=N4)C5=CN=CC=C5,C=CCSS(=O)CC=C,BCR-ABL_inhibitor,0.0,0,train
Nilotinib,Green Tea,CC1=C(C=C(C=C1)C(=O)NC2=CC(=CC(=C2)C(F)(F)F)N3C=C(N=C3)C)NC4=NC=CC(=N4)C5=CN=CC=C5,C1[C@H]([C@H](OC2=CC(=CC(=C21)O)O)C3=CC(=C(C(=C3)O)O)O)OC(=O)C4=CC(=C(C(=C4)O)O)O,BCR-ABL_inhibitor,0.0,0,train
Nilotinib,Calcium,CC1=C(C=C(C=C1)C(=O)NC2=CC(=CC(=C2)C(F)(F)F)N3C=C(N=C3)C)NC4=NC=CC(=N4)C5=CN=CC=C5,[Ca],BCR-ABL_inhibitor,-15.9,1,train
Nilotinib,Vitamin C,CC1=C(C=C(C=C1)C(=O)NC2=CC(=CC(=C2)C(F)(F)F)N3C=C(N=C3)C)NC4=NC=CC(=N4)C5=CN=CC=C5,C([C@@H]([C@@H]1C(=C(C(=O)O1)O)O)O)O,BCR-ABL_inhibitor,0.0,0,train
Ponatinib,Grapefruit,CC1=C(C=C(C=C1)C(=O)NC2=CC(=C(C=C2)CN3CCN(CC3)C)C(F)(F)F)C#CC4=CN=C5N4N=CC=C5,CC(=CCC/C(=C/COC1=C2C=CC(=O)OC2=CC3=C1C=CO3)/C)C,BCR-ABL_inhibitor,35.5,2,train
Ponatinib,Caffeine,CC1=C(C=C(C=C1)C(=O)NC2=CC(=C(C=C2)CN3CCN(CC3)C)C(F)(F)F)C#CC4=CN=C5N4N=CC=C5,CN1C=NC2=C1C(=O)N(C(=O)N2C)C,BCR-ABL_inhibitor,0.0,0,train
Ponatinib,Alcohol,CC1=C(C=C(C=C1)C(=O)NC2=CC(=C(C=C2)CN3CCN(CC3)C)C(F)(F)F)C#CC4=CN=C5N4N=CC=C5,CCO,BCR-ABL_inhibitor,-20.2,1,train
Ponatinib,St. John'S Wort,CC1=C(C=C(C=C1)C(=O)NC2=CC(=C(C=C2)CN3CCN(CC3)C)C(F)(F)F)C#CC4=CN=C5N4N=CC=C5,CC(C)C(=O)[C@]12C(=O)C(=C([C@](C1=O)(C[C@@H]([C@@]2(C)CCC=C(C)C)CC=C(C)C)CC=C(C)C)O)CC=C(C)C,BCR-ABL_inhibitor,0.0,0,train
Ponatinib,Fat,CC1=C(C=C(C=C1)C(=O)NC2=CC(=C(C=C2)CN3CCN(CC3)C)C(F)(F)F)C#CC4=CN=C5N4N=CC=C5,CCCCCCCC/C=C\CCCCCCCC(=O)O,BCR-ABL_inhibitor,43.0,2,train
Ponatinib,Dairy,CC1=C(C=C(C=C1)C(=O)NC2=CC(=C(C=C2)CN3CCN(CC3)C)C(F)(F)F)C#CC4=CN=C5N4N=CC=C5,[Ca],BCR-ABL_inhibitor,0.0,0,train
Ponatinib,Garlic,CC1=C(C=C(C=C1)C(=O)NC2=CC(=C(C=C2)CN3CCN(CC3)C)C(F)(F)F)C#CC4=CN=C5N4N=CC=C5,C=CCSS(=O)CC=C,BCR-ABL_inhibitor,0.0,0,train
Ponatinib,Green Tea,CC1=C(C=C(C=C1)C(=O)NC2=CC(=C(C=C2)CN3CCN(CC3)C)C(F)(F)F)C#CC4=CN=C5N4N=CC=C5,C1[C@H]([C@H](OC2=CC(=CC(=C21)O)O)C3=CC(=C(C(=C3)O)O)O)OC(=O)C4=CC(=C(C(=C4)O)O)O,BCR-ABL_inhibitor,0.0,0,train
Ponatinib,Calcium,CC1=C(C=C(C=C1)C(=O)NC2=CC(=C(C=C2)CN3CCN(CC3)C)C(F)(F)F)C#CC4=CN=C5N4N=CC=C5,[Ca],BCR-ABL_inhibitor,0.0,0,train
Ponatinib,Vitamin C,CC1=C(C=C(C=C1)C(=O)NC2=CC(=C(C=C2)CN3CCN(CC3)C)C(F)(F)F)C#CC4=CN=C5N4N=CC=C5,C([C@@H]([C@@H]1C(=C(C(=O)O1)O)O)O)O,BCR-ABL_inhibitor,0.0,0,train
Erlotinib,Grapefruit,COCCOC1=C(C=C2C(=C1)C(=NC=N2)NC3=CC=CC(=C3)C#C)OCCOC,CC(=CCC/C(=C/COC1=C2C=CC(=O)OC2=CC3=C1C=CO3)/C)C,EGFR_inhibitor,38.7,2,train
Erlotinib,Caffeine,COCCOC1=C(C=C2C(=C1)C(=NC=N2)NC3=CC=CC(=C3)C#C)OCCOC,CN1C=NC2=C1C(=O)N(C(=O)N2C)C,EGFR_inhibitor,0.0,0,train
Erlotinib,Alcohol,COCCOC1=C(C=C2C(=C1)C(=NC=N2)NC3=CC=CC(=C3)C#C)OCCOC,CCO,EGFR_inhibitor,16.4,1,train
Erlotinib,St. John'S Wort,COCCOC1=C(C=C2C(=C1)C(=NC=N2)NC3=CC=CC(=C3)C#C)OCCOC,CC(C)C(=O)[C@]12C(=O)C(=C([C@](C1=O)(C[C@@H]([C@@]2(C)CCC=C(C)C)CC=C(C)C)CC=C(C)C)O)CC=C(C)C,EGFR_inhibitor,-45.8,2,train
Erlotinib,Fat,COCCOC1=C(C=C2C(=C1)C(=NC=N2)NC3=CC=CC(=C3)C#C)OCCOC,CCCCCCCC/C=C\CCCCCCCC(=O)O,EGFR_inhibitor,41.0,2,train
Erlotinib,Dairy,COCCOC1=C(C=C2C(=C1)C(=NC=N2)NC3=CC=CC(=C3)C#C)OCCOC,[Ca],EGFR_inhibitor,0.0,0,train
Erlotinib,Garlic,COCCOC1=C(C=C2C(=C1)C(=NC=N2)NC3=CC=CC(=C3)C#C)OCCOC,C=CCSS(=O)CC=C,EGFR_inhibitor,0.0,0,train
Erlotinib,Green Tea,COCCOC1=C(C=C2C(=C1)C(=NC=N2)NC3=CC=CC(=C3)C#C)OCCOC,C1[C@H]([C@H](OC2=CC(=CC(=C21)O)O)C3=CC(=C(C(=C3)O)O)O)OC(=O)C4=CC(=C(C(=C4)O)O)O,EGFR_inhibitor,0.0,0,train
Erlotinib,Calcium,COCCOC1=C(C=C2C(=C1)C(=NC=N2)NC3=CC=CC(=C3)C#C)OCCOC,[Ca],EGFR_inhibitor,0.0,0,train
Erlotinib,Vitamin C,COCCOC1=C(C=C2C(=C1)C(=NC=N2)NC3=CC=CC(=C3)C#C)OCCOC,C([C@@H]([C@@H]1C(=C(C(=O)O1)O)O)O)O,EGFR_inhibitor,0.0,0,train
Chlorambucil,Grapefruit,C1=CC(=CC=C1CCCC(=O)O)N(CCCl)CCCl,CC(=CCC/C(=C/COC1=C2C=CC(=O)OC2=CC3=C1C=CO3)/C)C,alkylating_agent,0.0,0,train
Chlorambucil,Caffeine,C1=CC(=CC=C1CCCC(=O)O)N(CCCl)CCCl,CN1C=NC2=C1C(=O)N(C(=O)N2C)C,alkylating_agent,0.0,0,train
Chlorambucil,Alcohol,C1=CC(=CC=C1CCCC(=O)O)N(CCCl)CCCl,CCO,alkylating_agent,0.0,0,train
Chlorambucil,St. John'S Wort,C1=CC(=CC=C1CCCC(=O)O)N(CCCl)CCCl,CC(C)C(=O)[C@]12C(=O)C(=C([C@](C1=O)(C[C@@H]([C@@]2(C)CCC=C(C)C)CC=C(C)C)CC=C(C)C)O)CC=C(C)C,alkylating_agent,0.0,0,train
Chlorambucil,Fat,C1=CC(=CC=C1CCCC(=O)O)N(CCCl)CCCl,CCCCCCCC/C=C\CCCCCCCC(=O)O,alkylating_agent,0.0,0,train
Chlorambucil,Dairy,C1=CC(=CC=C1CCCC(=O)O)N(CCCl)CCCl,[Ca],alkylating_agent,0.0,0,train
Chlorambucil,Garlic,C1=CC(=CC=C1CCCC(=O)O)N(CCCl)CCCl,C=CCSS(=O)CC=C,alkylating_agent,0.0,0,train
Chlorambucil,Green Tea,C1=CC(=CC=C1CCCC(=O)O)N(CCCl)CCCl,C1[C@H]([C@H](OC2=CC(=CC(=C21)O)O)C3=CC(=C(C(=C3)O)O)O)OC(=O)C4=CC(=C(C(=C4)O)O)O,alkylating_agent,0.0,0,train
Chlorambucil,Calcium,C1=CC(=CC=C1CCCC(=O)O)N(CCCl)CCCl,[Ca],alkylating_agent,0.0,0,train
Chlorambucil,Vitamin C,C1=CC(=CC=C1CCCC(=O)O)N(CCCl)CCCl,C([C@@H]([C@@H]1C(=C(C(=O)O1)O)O)O)O,alkylating_agent,0.0,0,train
Capecitabine,Grapefruit,CCCCCOC(=O)NC1=NC(=O)N(C=C1F)[C@H]2[C@@H]([C@@H]([C@H](O2)C)O)O,CC(=CCC/C(=C/COC1=C2C=CC(=O)OC2=CC3=C1C=CO3)/C)C,antimetabolite,0.0,0,train
Capecitabine,Caffeine,CCCCCOC(=O)NC1=NC(=O)N(C=C1F)[C@H]2[C@@H]([C@@H]([C@H](O2)C)O)O,CN1C=NC2=C1C(=O)N(C(=O)N2C)C,antimetabolite,0.0,0,train
Capecitabine,Alcohol,CCCCCOC(=O)NC1=NC(=O)N(C=C1F)[C@H]2[C@@H]([C@@H]([C@H](O2)C)O)O,CCO,antimetabolite,0.0,0,train
Capecitabine,St. John'S Wort,CCCCCOC(=O)NC1=NC(=O)N(C=C1F)[C@H]2[C@@H]([C@@H]([C@H](O2)C)O)O,CC(C)C(=O)[C@]12C(=O)C(=C([C@](C1=O)(C[C@@H]([C@@]2(C)CCC=C(C)C)CC=C(C)C)CC=C(C)C)O)CC=C(C)C,antimetabolite,0.0,0,train
Capecitabine,Fat,CCCCCOC(=O)NC1=NC(=O)N(C=C1F)[C@H]2[C@@H]([C@@H]([C@H](O2)C)O)O,CCCCCCCC/C=C\CCCCCCCC(=O)O,antimetabolite,43.7,2,train
Capecitabine,Dairy,CCCCCOC(=O)NC1=NC(=O)N(C=C1F)[C@H]2[C@@H]([C@@H]([C@H](O2)C)O)O,[Ca],antimetabolite,0.0,0,train
Capecitabine,Garlic,CCCCCOC(=O)NC1=NC(=O)N(C=C1F)[C@H]2[C@@H]([C@@H]([C@H](O2)C)O)O,C=CCSS(=O)CC=C,antimetabolite,0.0,0,train
Capecitabine,Green Tea,CCCCCOC(=O)NC1=NC(=O)N(C=C1F)[C@H]2[C@@H]([C@@H]([C@H](O2)C)O)O,C1[C@H]([C@H](OC2=CC(=CC(=C21)O)O)C3=CC(=C(C(=C3)O)O)O)OC(=O)C4=CC(=C(C(=C4)O)O)O,antimetabolite,0.0,0,train
Capecitabine,Calcium,CCCCCOC(=O)NC1=NC(=O)N(C=C1F)[C@H]2[C@@H]([C@@H]([C@H](O2)C)O)O,[Ca],antimetabolite,0.0,0,train
Capecitabine,Vitamin C,CCCCCOC(=O)NC1=NC(=O)N(C=C1F)[C@H]2[C@@H]([C@@H]([C@H](O2)C)O)O,C([C@@H]([C@@H]1C(=C(C(=O)O1)O)O)O)O,antimetabolite,0.0,0,train
Obatoclax,Grapefruit,CC1=CC(=C(N1)/C=C\2/C(=C/C(=C/3\C=C4C=CC=CC4=N3)/N2)OC)C,CC(=CCC/C(=C/COC1=C2C=CC(=O)OC2=CC3=C1C=CO3)/C)C,BCL2_inhibitor,0.0,0,train
Obatoclax,Caffeine,CC1=CC(=C(N1)/C=C\2/C(=C/C(=C/3\C=C4C=CC=CC4=N3)/N2)OC)C,CN1C=NC2=C1C(=O)N(C(=O)N2C)C,BCL2_inhibitor,0.0,0,train
Obatoclax,Alcohol,CC1=CC(=C(N1)/C=C\2/C(=C/C(=C/3\C=C4C=CC=CC4=N3)/N2)OC)C,CCO,BCL2_inhibitor,0.0,0,train
Obatoclax,St. John'S Wort,CC1=CC(=C(N1)/C=C\2/C(=C/C(=C/3\C=C4C=CC=CC4=N3)/N2)OC)C,CC(C)C(=O)[C@]12C(=O)C(=C([C@](C1=O)(C[C@@H]([C@@]2(C)CCC=C(C)C)CC=C(C)C)CC=C(C)C)O)CC=C(C)C,BCL2_inhibitor,0.0,0,train
Obatoclax,Fat,CC1=CC(=C(N1)/C=C\2/C(=C/C(=C/3\C=C4C=CC=CC4=N3)/N2)OC)C,CCCCCCCC/C=C\CCCCCCCC(=O)O,BCL2_inhibitor,0.0,0,train
Obatoclax,Dairy,CC1=CC(=C(N1)/C=C\2/C(=C/C(=C/3\C=C4C=CC=CC4=N3)/N2)OC)C,[Ca],BCL2_inhibitor,0.0,0,train
Obatoclax,Garlic,CC1=CC(=C(N1)/C=C\2/C(=C/C(=C/3\C=C4C=CC=CC4=N3)/N2)OC)C,C=CCSS(=O)CC=C,BCL2_inhibitor,0.0,0,train
Obatoclax,Green Tea,CC1=CC(=C(N1)/C=C\2/C(=C/C(=C/3\C=C4C=CC=CC4=N3)/N2)OC)C,C1[C@H]([C@H](OC2=CC(=CC(=C21)O)O)C3=CC(=C(C(=C3)O)O)O)OC(=O)C4=CC(=C(C(=C4)O)O)O,BCL2_inhibitor,0.0,0,train
Obatoclax,Calcium,CC1=CC(=C(N1)/C=C\2/C(=C/C(=C/3\C=C4C=CC=CC4=N3)/N2)OC)C,[Ca],BCL2_inhibitor,0.0,0,train
Obatoclax,Vitamin C,CC1=CC(=C(N1)/C=C\2/C(=C/C(=C/3\C=C4C=CC=CC4=N3)/N2)OC)C,C([C@@H]([C@@H]1C(=C(C(=O)O1)O)O)O)O,BCL2_inhibitor,0.0,0,train
Imatinib,Grapefruit,CC1=C(C=C(C=C1)NC(=O)C2=CC=C(C=C2)CN3CCN(CC3)C)NC4=NC=CC(=N4)C5=CN=CC=C5,CC(=CCC/C(=C/COC1=C2C=CC(=O)OC2=CC3=C1C=CO3)/C)C,BCR-ABL_inhibitor,53.6,2,train
Imatinib,Caffeine,CC1=C(C=C(C=C1)NC(=O)C2=CC=C(C=C2)CN3CCN(CC3)C)NC4=NC=CC(=N4)C5=CN=CC=C5,CN1C=NC2=C1C(=O)N(C(=O)N2C)C,BCR-ABL_inhibitor,0.0,0,train
Imatinib,Alcohol,CC1=C(C=C(C=C1)NC(=O)C2=CC=C(C=C2)CN3CCN(CC3)C)NC4=NC=CC(=N4)C5=CN=CC=C5,CCO,BCR-ABL_inhibitor,0.0,0,train
Imatinib,St. John'S Wort,CC1=C(C=C(C=C1)NC(=O)C2=CC=C(C=C2)CN3CCN(CC3)C)NC4=NC=CC(=N4)C5=CN=CC=C5,CC(C)C(=O)[C@]12C(=O)C(=C([C@](C1=O)(C[C@@H]([C@@]2(C)CCC=C(C)C)CC=C(C)C)CC=C(C)C)O)CC=C(C)C,BCR-ABL_inhibitor,0.0,0,train
Imatinib,Fat,CC1=C(C=C(C=C1)NC(=O)C2=CC=C(C=C2)CN3CCN(CC3)C)NC4=NC=CC(=N4)C5=CN=CC=C5,CCCCCCCC/C=C\CCCCCCCC(=O)O,BCR-ABL_inhibitor,36.0,2,train
Imatinib,Dairy,CC1=C(C=C(C=C1)NC(=O)C2=CC=C(C=C2)CN3CCN(CC3)C)NC4=NC=CC(=N4)C5=CN=CC=C5,[Ca],BCR-ABL_inhibitor,0.0,0,train
Imatinib,Garlic,CC1=C(C=C(C=C1)NC(=O)C2=CC=C(C=C2)CN3CCN(CC3)C)NC4=NC=CC(=N4)C5=CN=CC=C5,C=CCSS(=O)CC=C,BCR-ABL_inhibitor,0.0,0,train
Imatinib,Green Tea,CC1=C(C=C(C=C1)NC(=O)C2=CC=C(C=C2)CN3CCN(CC3)C)NC4=NC=CC(=N4)C5=CN=CC=C5,C1[C@H]([C@H](OC2=CC(=CC(=C21)O)O)C3=CC(=C(C(=C3)O)O)O)OC(=O)C4=CC(=C(C(=C4)O)O)O,BCR-ABL_inhibitor,0.0,0,train
Imatinib,Calcium,CC1=C(C=C(C=C1)NC(=O)C2=CC=C(C=C2)CN3CCN(CC3)C)NC4=NC=CC(=N4)C5=CN=CC=C5,[Ca],BCR-ABL_inhibitor,20.9,1,train
Imatinib,Vitamin C,CC1=C(C=C(C=C1)NC(=O)C2=CC=C(C=C2)CN3CCN(CC3)C)NC4=NC=CC(=N4)C5=CN=CC=C5,C([C@@H]([C@@H]1C(=C(C(=O)O1)O)O)O)O,BCR-ABL_inhibitor,0.0,0,train
Gefitinib,Grapefruit,COC1=C(C=C2C(=C1)N=CN=C2NC3=CC(=C(C=C3)F)Cl)OCCCN4CCOCC4,CC(=CCC/C(=C/COC1=C2C=CC(=O)OC2=CC3=C1C=CO3)/C)C,EGFR_inhibitor,0.0,0,train
Gefitinib,Caffeine,COC1=C(C=C2C(=C1)N=CN=C2NC3=CC(=C(C=C3)F)Cl)OCCCN4CCOCC4,CN1C=NC2=C1C(=O)N(C(=O)N2C)C,EGFR_inhibitor,0.0,0,train
Gefitinib,Alcohol,COC1=C(C=C2C(=C1)N=CN=C2NC3=CC(=C(C=C3)F)Cl)OCCCN4CCOCC4,CCO,EGFR_inhibitor,0.0,0,train
Gefitinib,St. John'S Wort,COC1=C(C=C2C(=C1)N=CN=C2NC3=CC(=C(C=C3)F)Cl)OCCCN4CCOCC4,CC(C)C(=O)[C@]12C(=O)C(=C([C@](C1=O)(C[C@@H]([C@@]2(C)CCC=C(C)C)CC=C(C)C)CC=C(C)C)O)CC=C(C)C,EGFR_inhibitor,0.0,0,train
Gefitinib,Fat,COC1=C(C=C2C(=C1)N=CN=C2NC3=CC(=C(C=C3)F)Cl)OCCCN4CCOCC4,CCCCCCCC/C=C\CCCCCCCC(=O)O,EGFR_inhibitor,31.4,2,train
Gefitinib,Dairy,COC1=C(C=C2C(=C1)N=CN=C2NC3=CC(=C(C=C3)F)Cl)OCCCN4CCOCC4,[Ca],EGFR_inhibitor,0.0,0,train
Gefitinib,Garlic,COC1=C(C=C2C(=C1)N=CN=C2NC3=CC(=C(C=C3)F)Cl)OCCCN4CCOCC4,C=CCSS(=O)CC=C,EGFR_inhibitor,0.0,0,train
Gefitinib,Green Tea,COC1=C(C=C2C(=C1)N=CN=C2NC3=CC(=C(C=C3)F)Cl)OCCCN4CCOCC4,C1[C@H]([C@H](OC2=CC(=CC(=C21)O)O)C3=CC(=C(C(=C3)O)O)O)OC(=O)C4=CC(=C(C(=C4)O)O)O,EGFR_inhibitor,0.0,0,train
Gefitinib,Calcium,COC1=C(C=C2C(=C1)N=CN=C2NC3=CC(=C(C=C3)F)Cl)OCCCN4CCOCC4,[Ca],EGFR_inhibitor,0.0,0,train
Gefitinib,Vitamin C,COC1=C(C=C2C(=C1)N=CN=C2NC3=CC(=C(C=C3)F)Cl)OCCCN4CCOCC4,C([C@@H]([C@@H]1C(=C(C(=O)O1)O)O)O)O,EGFR_inhibitor,0.0,0,train
Methotrexate,Grapefruit,CN(CC1=CN=C2C(=N1)C(=NC(=N2)N)N)C3=CC=C(C=C3)C(=O)N[C@@H](CCC(=O)O)C(=O)O,CC(=CCC/C(=C/COC1=C2C=CC(=O)OC2=CC3=C1C=CO3)/C)C,antimetabolite,0.0,0,train
Methotrexate,Caffeine,CN(CC1=CN=C2C(=N1)C(=NC(=N2)N)N)C3=CC=C(C=C3)C(=O)N[C@@H](CCC(=O)O)C(=O)O,CN1C=NC2=C1C(=O)N(C(=O)N2C)C,antimetabolite,0.0,0,train
Methotrexate,Alcohol,CN(CC1=CN=C2C(=N1)C(=NC(=N2)N)N)C3=CC=C(C=C3)C(=O)N[C@@H](CCC(=O)O)C(=O)O,CCO,antimetabolite,16.7,1,train
Methotrexate,St. John'S Wort,CN(CC1=CN=C2C(=N1)C(=NC(=N2)N)N)C3=CC=C(C=C3)C(=O)N[C@@H](CCC(=O)O)C(=O)O,CC(C)C(=O)[C@]12C(=O)C(=C([C@](C1=O)(C[C@@H]([C@@]2(C)CCC=C(C)C)CC=C(C)C)CC=C(C)C)O)CC=C(C)C,antimetabolite,0.0,0,train
Methotrexate,Fat,CN(CC1=CN=C2C(=N1)C(=NC(=N2)N)N)C3=CC=C(C=C3)C(=O)N[C@@H](CCC(=O)O)C(=O)O,CCCCCCCC/C=C\CCCCCCCC(=O)O,antimetabolite,32.0,2,train
Methotrexate,Dairy,CN(CC1=CN=C2C(=N1)C(=NC(=N2)N)N)C3=CC=C(C=C3)C(=O)N[C@@H](CCC(=O)O)C(=O)O,[Ca],antimetabolite,0.0,0,train
Methotrexate,Garlic,CN(CC1=CN=C2C(=N1)C(=NC(=N2)N)N)C3=CC=C(C=C3)C(=O)N[C@@H](CCC(=O)O)C(=O)O,C=CCSS(=O)CC=C,antimetabolite,0.0,0,train
Methotrexate,Green Tea,CN(CC1=CN=C2C(=N1)C(=NC(=N2)N)N)C3=CC=C(C=C3)C(=O)N[C@@H](CCC(=O)O)C(=O)O,C1[C@H]([C@H](OC2=CC(=CC(=C21)O)O)C3=CC(=C(C(=C3)O)O)O)OC(=O)C4=CC(=C(C(=C4)O)O)O,antimetabolite,0.0,0,train
Methotrexate,Calcium,CN(CC1=CN=C2C(=N1)C(=NC(=N2)N)N)C3=CC=C(C=C3)C(=O)N[C@@H](CCC(=O)O)C(=O)O,[Ca],antimetabolite,0.0,0,train
Methotrexate,Vitamin C,CN(CC1=CN=C2C(=N1)C(=NC(=N2)N)N)C3=CC=C(C=C3)C(=O)N[C@@H](CCC(=O)O)C(=O)O,C([C@@H]([C@@H]1C(=C(C(=O)O1)O)O)O)O,antimetabolite,0.0,0,train
Mercaptopurine,Grapefruit,C1=NC2=C(N1)C(=S)N=CN2,CC(=CCC/C(=C/COC1=C2C=CC(=O)OC2=CC3=C1C=CO3)/C)C,antimetabolite,0.0,0,train
Mercaptopurine,Caffeine,C1=NC2=C(N1)C(=S)N=CN2,CN1C=NC2=C1C(=O)N(C(=O)N2C)C,antimetabolite,0.0,0,train
Mercaptopurine,Alcohol,C1=NC2=C(N1)C(=S)N=CN2,CCO,antimetabolite,0.0,0,train
Mercaptopurine,St. John'S Wort,C1=NC2=C(N1)C(=S)N=CN2,CC(C)C(=O)[C@]12C(=O)C(=C([C@](C1=O)(C[C@@H]([C@@]2(C)CCC=C(C)C)CC=C(C)C)CC=C(C)C)O)CC=C(C)C,antimetabolite,0.0,0,train
Mercaptopurine,Fat,C1=NC2=C(N1)C(=S)N=CN2,CCCCCCCC/C=C\CCCCCCCC(=O)O,antimetabolite,58.5,2,train
Mercaptopurine,Dairy,C1=NC2=C(N1)C(=S)N=CN2,[Ca],antimetabolite,0.0,0,train
Mercaptopurine,Garlic,C1=NC2=C(N1)C(=S)N=CN2,C=CCSS(=O)CC=C,antimetabolite,0.0,0,train
Mercaptopurine,Green Tea,C1=NC2=C(N1)C(=S)N=CN2,C1[C@H]([C@H](OC2=CC(=CC(=C21)O)O)C3=CC(=C(C(=C3)O)O)O)OC(=O)C4=CC(=C(C(=C4)O)O)O,antimetabolite,0.0,0,train
Mercaptopurine,Calcium,C1=NC2=C(N1)C(=S)N=CN2,[Ca],antimetabolite,0.0,0,train
Mercaptopurine,Vitamin C,C1=NC2=C(N1)C(=S)N=CN2,C([C@@H]([C@@H]1C(=C(C(=O)O1)O)O)O)O,antimetabolite,0.0,0,train
Palbociclib,Grapefruit,CC1=C(C(=O)N(C2=NC(=NC=C12)NC3=NC=C(C=C3)N4CCNCC4)C5CCCC5)C(=O)C,CC(=CCC/C(=C/COC1=C2C=CC(=O)OC2=CC3=C1C=CO3)/C)C,CDK4_inhibitor,59.0,2,unseen
Palbociclib,Caffeine,CC1=C(C(=O)N(C2=NC(=NC=C12)NC3=NC=C(C=C3)N4CCNCC4)C5CCCC5)C(=O)C,CN1C=NC2=C1C(=O)N(C(=O)N2C)C,CDK4_inhibitor,0.0,0,unseen
Palbociclib,Alcohol,CC1=C(C(=O)N(C2=NC(=NC=C12)NC3=NC=C(C=C3)N4CCNCC4)C5CCCC5)C(=O)C,CCO,CDK4_inhibitor,0.0,0,unseen
Palbociclib,St. John'S Wort,CC1=C(C(=O)N(C2=NC(=NC=C12)NC3=NC=C(C=C3)N4CCNCC4)C5CCCC5)C(=O)C,CC(C)C(=O)[C@]12C(=O)C(=C([C@](C1=O)(C[C@@H]([C@@]2(C)CCC=C(C)C)CC=C(C)C)CC=C(C)C)O)CC=C(C)C,CDK4_inhibitor,0.0,0,unseen
Palbociclib,Fat,CC1=C(C(=O)N(C2=NC(=NC=C12)NC3=NC=C(C=C3)N4CCNCC4)C5CCCC5)C(=O)C,CCCCCCCC/C=C\CCCCCCCC(=O)O,CDK4_inhibitor,54.3,2,unseen
Palbociclib,Dairy,CC1=C(C(=O)N(C2=NC(=NC=C12)NC3=NC=C(C=C3)N4CCNCC4)C5CCCC5)C(=O)C,[Ca],CDK4_inhibitor,0.0,0,unseen
Palbociclib,Garlic,CC1=C(C(=O)N(C2=NC(=NC=C12)NC3=NC=C(C=C3)N4CCNCC4)C5CCCC5)C(=O)C,C=CCSS(=O)CC=C,CDK4_inhibitor,0.0,0,unseen
Palbociclib,Green Tea,CC1=C(C(=O)N(C2=NC(=NC=C12)NC3=NC=C(C=C3)N4CCNCC4)C5CCCC5)C(=O)C,C1[C@H]([C@H](OC2=CC(=CC(=C21)O)O)C3=CC(=C(C(=C3)O)O)O)OC(=O)C4=CC(=C(C(=C4)O)O)O,CDK4_inhibitor,0.0,0,unseen
Palbociclib,Calcium,CC1=C(C(=O)N(C2=NC(=NC=C12)NC3=NC=C(C=C3)N4CCNCC4)C5CCCC5)C(=O)C,[Ca],CDK4_inhibitor,0.0,0,unseen
Palbociclib,Vitamin C,CC1=C(C(=O)N(C2=NC(=NC=C12)NC3=NC=C(C=C3)N4CCNCC4)C5CCCC5)C(=O)C,C([C@@H]([C@@H]1C(=C(C(=O)O1)O)O)O)O,CDK4_inhibitor,0.0,0,unseen
Sunitinib,Grapefruit,CCN(CC)CCNC(=O)C1=C(NC(=C1C)/C=C\2/C3=C(C=CC(=C3)F)NC2=O)C,CC(=CCC/C(=C/COC1=C2C=CC(=O)OC2=CC3=C1C=CO3)/C)C,multikinase_inhibitor,0.0,0,train
Sunitinib,Caffeine,CCN(CC)CCNC(=O)C1=C(NC(=C1C)/C=C\2/C3=C(C=CC(=C3)F)NC2=O)C,CN1C=NC2=C1C(=O)N(C(=O)N2C)C,multikinase_inhibitor,0.0,0,train
Sunitinib,Alcohol,CCN(CC)CCNC(=O)C1=C(NC(=C1C)/C=C\2/C3=C(C=CC(=C3)F)NC2=O)C,CCO,multikinase_inhibitor,0.0,0,train
Sunitinib,St. John'S Wort,CCN(CC)CCNC(=O)C1=C(NC(=C1C)/C=C\2/C3=C(C=CC(=C3)F)NC2=O)C,CC(C)C(=O)[C@]12C(=O)C(=C([C@](C1=O)(C[C@@H]([C@@]2(C)CCC=C(C)C)CC=C(C)C)CC=C(C)C)O)CC=C(C)C,multikinase_inhibitor,0.0,0,train
Sunitinib,Fat,CCN(CC)CCNC(=O)C1=C(NC(=C1C)/C=C\2/C3=C(C=CC(=C3)F)NC2=O)C,CCCCCCCC/C=C\CCCCCCCC(=O)O,multikinase_inhibitor,39.1,2,train
Sunitinib,Dairy,CCN(CC)CCNC(=O)C1=C(NC(=C1C)/C=C\2/C3=C(C=CC(=C3)F)NC2=O)C,[Ca],multikinase_inhibitor,0.0,0,train
Sunitinib,Garlic,CCN(CC)CCNC(=O)C1=C(NC(=C1C)/C=C\2/C3=C(C=CC(=C3)F)NC2=O)C,C=CCSS(=O)CC=C,multikinase_inhibitor,0.0,0,train
Sunitinib,Green Tea,CCN(CC)CCNC(=O)C1=C(NC(=C1C)/C=C\2/C3=C(C=CC(=C3)F)NC2=O)C,C1[C@H]([C@H](OC2=CC(=CC(=C21)O)O)C3=CC(=C(C(=C3)O)O)O)OC(=O)C4=CC(=C(C(=C4)O)O)O,multikinase_inhibitor,0.0,0,train
Sunitinib,Calcium,CCN(CC)CCNC(=O)C1=C(NC(=C1C)/C=C\2/C3=C(C=CC(=C3)F)NC2=O)C,[Ca],multikinase_inhibitor,0.0,0,train
Sunitinib,Vitamin C,CCN(CC)CCNC(=O)C1=C(NC(=C1C)/C=C\2/C3=C(C=CC(=C3)F)NC2=O)C,C([C@@H]([C@@H]1C(=C(C(=O)O1)O)O)O)O,multikinase_inhibitor,0.0,0,train
Osimertinib,Grapefruit,CN1C=C(C2=CC=CC=C21)C3=NC(=NC=C3)NC4=C(C=C(C(=C4)NC(=O)C=C)N(C)CCN(C)C)OC,CC(=CCC/C(=C/COC1=C2C=CC(=O)OC2=CC3=C1C=CO3)/C)C,EGFR_inhibitor,0.0,0,unseen
Osimertinib,Caffeine,CN1C=C(C2=CC=CC=C21)C3=NC(=NC=C3)NC4=C(C=C(C(=C4)NC(=O)C=C)N(C)CCN(C)C)OC,CN1C=NC2=C1C(=O)N(C(=O)N2C)C,EGFR_inhibitor,0.0,0,unseen
Osimertinib,Alcohol,CN1C=C(C2=CC=CC=C21)C3=NC(=NC=C3)NC4=C(C=C(C(=C4)NC(=O)C=C)N(C)CCN(C)C)OC,CCO,EGFR_inhibitor,-20.1,1,unseen
Osimertinib,St. John'S Wort,CN1C=C(C2=CC=CC=C21)C3=NC(=NC=C3)NC4=C(C=C(C(=C4)NC(=O)C=C)N(C)CCN(C)C)OC,CC(C)C(=O)[C@]12C(=O)C(=C([C@](C1=O)(C[C@@H]([C@@]2(C)CCC=C(C)C)CC=C(C)C)CC=C(C)C)O)CC=C(C)C,EGFR_inhibitor,0.0,0,unseen
Osimertinib,Fat,CN1C=C(C2=CC=CC=C21)C3=NC(=NC=C3)NC4=C(C=C(C(=C4)NC(=O)C=C)N(C)CCN(C)C)OC,CCCCCCCC/C=C\CCCCCCCC(=O)O,EGFR_inhibitor,50.5,2,unseen
Osimertinib,Dairy,CN1C=C(C2=CC=CC=C21)C3=NC(=NC=C3)NC4=C(C=C(C(=C4)NC(=O)C=C)N(C)CCN(C)C)OC,[Ca],EGFR_inhibitor,0.0,0,unseen
Osimertinib,Garlic,CN1C=C(C2=CC=CC=C21)C3=NC(=NC=C3)NC4=C(C=C(C(=C4)NC(=O)C=C)N(C)CCN(C)C)OC,C=CCSS(=O)CC=C,EGFR_inhibitor,0.0,0,unseen
Osimertinib,Green Tea,CN1C=C(C2=CC=CC=C21)C3=NC(=NC=C3)NC4=C(C=C(C(=C4)NC(=O)C=C)N(C)CCN(C)C)OC,C1[C@H]([C@H](OC2=CC(=CC(=C21)O)O)C3=CC(=C(C(=C3)O)O)O)OC(=O)C4=CC(=C(C(=C4)O)O)O,EGFR_inhibitor,0.0,0,unseen
Osimertinib,Calcium,CN1C=C(C2=CC=CC=C21)C3=NC(=NC=C3)NC4=C(C=C(C(=C4)NC(=O)C=C)N(C)CCN(C)C)OC,[Ca],EGFR_inhibitor,-16.2,1,unseen
Osimertinib,Vitamin C,CN1C=C(C2=CC=CC=C21)C3=NC(=NC=C3)NC4=C(C=C(C(=C4)NC(=O)C=C)N(C)CCN(C)C)OC,C([C@@H]([C@@H]1C(=C(C(=O)O1)O)O)O)O,EGFR_inhibitor,0.0,0,unseen
Sorafenib,Grapefruit,CNC(=O)C1=NC=CC(=C1)OC2=CC=C(C=C2)NC(=O)NC3=CC(=C(C=C3)Cl)C(F)(F)F,CC(=CCC/C(=C/COC1=C2C=CC(=O)OC2=CC3=C1C=CO3)/C)C,multikinase_inhibitor,0.0,0,train
Sorafenib,Caffeine,CNC(=O)C1=NC=CC(=C1)OC2=CC=C(C=C2)NC(=O)NC3=CC(=C(C=C3)Cl)C(F)(F)F,CN1C=NC2=C1C(=O)N(C(=O)N2C)C,multikinase_inhibitor,0.0,0,train
Sorafenib,Alcohol,CNC(=O)C1=NC=CC(=C1)OC2=CC=C(C=C2)NC(=O)NC3=CC(=C(C=C3)Cl)C(F)(F)F,CCO,multikinase_inhibitor,0.0,0,train
Sorafenib,St. John'S Wort,CNC(=O)C1=NC=CC(=C1)OC2=CC=C(C=C2)NC(=O)NC3=CC(=C(C=C3)Cl)C(F)(F)F,CC(C)C(=O)[C@]12C(=O)C(=C([C@](C1=O)(C[C@@H]([C@@]2(C)CCC=C(C)C)CC=C(C)C)CC=C(C)C)O)CC=C(C)C,multikinase_inhibitor,0.0,0,train
Sorafenib,Fat,CNC(=O)C1=NC=CC(=C1)OC2=CC=C(C=C2)NC(=O)NC3=CC(=C(C=C3)Cl)C(F)(F)F,CCCCCCCC/C=C\CCCCCCCC(=O)O,multikinase_inhibitor,44.9,2,train
Sorafenib,Dairy,CNC(=O)C1=NC=CC(=C1)OC2=CC=C(C=C2)NC(=O)NC3=CC(=C(C=C3)Cl)C(F)(F)F,[Ca],multikinase_inhibitor,0.0,0,train
Sorafenib,Garlic,CNC(=O)C1=NC=CC(=C1)OC2=CC=C(C=C2)NC(=O)NC3=CC(=C(C=C3)Cl)C(F)(F)F,C=CCSS(=O)CC=C,multikinase_inhibitor,0.0,0,train
Sorafenib,Green Tea,CNC(=O)C1=NC=CC(=C1)OC2=CC=C(C=C2)NC(=O)NC3=CC(=C(C=C3)Cl)C(F)(F)F,C1[C@H]([C@H](OC2=CC(=CC(=C21)O)O)C3=CC(=C(C(=C3)O)O)O)OC(=O)C4=CC(=C(C(=C4)O)O)O,multikinase_inhibitor,0.0,0,train
Sorafenib,Calcium,CNC(=O)C1=NC=CC(=C1)OC2=CC=C(C=C2)NC(=O)NC3=CC(=C(C=C3)Cl)C(F)(F)F,[Ca],multikinase_inhibitor,-23.3,1,train
Sorafenib,Vitamin C,CNC(=O)C1=NC=CC(=C1)OC2=CC=C(C=C2)NC(=O)NC3=CC(=C(C=C3)Cl)C(F)(F)F,C([C@@H]([C@@H]1C(=C(C(=O)O1)O)O)O)O,multikinase_inhibitor,0.0,0,train
Tamoxifen,Grapefruit,CC/C(=C(\C1=CC=CC=C1)/C2=CC=C(C=C2)OCCN(C)C)/C3=CC=CC=C3,CC(=CCC/C(=C/COC1=C2C=CC(=O)OC2=CC3=C1C=CO3)/C)C,SERM,0.0,0,train
Tamoxifen,Caffeine,CC/C(=C(\C1=CC=CC=C1)/C2=CC=C(C=C2)OCCN(C)C)/C3=CC=CC=C3,CN1C=NC2=C1C(=O)N(C(=O)N2C)C,SERM,0.0,0,train
Tamoxifen,Alcohol,CC/C(=C(\C1=CC=CC=C1)/C2=CC=C(C=C2)OCCN(C)C)/C3=CC=CC=C3,CCO,SERM,0.0,0,train
Tamoxifen,St. John'S Wort,CC/C(=C(\C1=CC=CC=C1)/C2=CC=C(C=C2)OCCN(C)C)/C3=CC=CC=C3,CC(C)C(=O)[C@]12C(=O)C(=C([C@](C1=O)(C[C@@H]([C@@]2(C)CCC=C(C)C)CC=C(C)C)CC=C(C)C)O)CC=C(C)C,SERM,0.0,0,train
Tamoxifen,Fat,CC/C(=C(\C1=CC=CC=C1)/C2=CC=C(C=C2)OCCN(C)C)/C3=CC=CC=C3,CCCCCCCC/C=C\CCCCCCCC(=O)O,SERM,57.3,2,train
Tamoxifen,Dairy,CC/C(=C(\C1=CC=CC=C1)/C2=CC=C(C=C2)OCCN(C)C)/C3=CC=CC=C3,[Ca],SERM,0.0,0,train
Tamoxifen,Garlic,CC/C(=C(\C1=CC=CC=C1)/C2=CC=C(C=C2)OCCN(C)C)/C3=CC=CC=C3,C=CCSS(=O)CC=C,SERM,0.0,0,train
Tamoxifen,Green Tea,CC/C(=C(\C1=CC=CC=C1)/C2=CC=C(C=C2)OCCN(C)C)/C3=CC=CC=C3,C1[C@H]([C@H](OC2=CC(=CC(=C21)O)O)C3=CC(=C(C(=C3)O)O)O)OC(=O)C4=CC(=C(C(=C4)O)O)O,SERM,0.0,0,train
Tamoxifen,Calcium,CC/C(=C(\C1=CC=CC=C1)/C2=CC=C(C=C2)OCCN(C)C)/C3=CC=CC=C3,[Ca],SERM,0.0,0,train
Tamoxifen,Vitamin C,CC/C(=C(\C1=CC=CC=C1)/C2=CC=C(C=C2)OCCN(C)C)/C3=CC=CC=C3,C([C@@H]([C@@H]1C(=C(C(=O)O1)O)O)O)O,SERM,0.0,0,train
Radotinib,Grapefruit,CC1=C(C=C(C=C1)C(=O)NC2=CC(=CC(=C2)C(F)(F)F)N3C=C(N=C3)C)NC4=NC=CC(=N4)C5=NC=CN=C5,CC(=CCC/C(=C/COC1=C2C=CC(=O)OC2=CC3=C1C=CO3)/C)C,BCR-ABL_inhibitor,0.0,0,train
Radotinib,Caffeine,CC1=C(C=C(C=C1)C(=O)NC2=CC(=CC(=C2)C(F)(F)F)N3C=C(N=C3)C)NC4=NC=CC(=N4)C5=NC=CN=C5,CN1C=NC2=C1C(=O)N(C(=O)N2C)C,BCR-ABL_inhibitor,0.0,0,train
Radotinib,Alcohol,CC1=C(C=C(C=C1)C(=O)NC2=CC(=CC(=C2)C(F)(F)F)N3C=C(N=C3)C)NC4=NC=CC(=N4)C5=NC=CN=C5,CCO,BCR-ABL_inhibitor,0.0,0,train
Radotinib,St. John'S Wort,CC1=C(C=C(C=C1)C(=O)NC2=CC(=CC(=C2)C(F)(F)F)N3C=C(N=C3)C)NC4=NC=CC(=N4)C5=NC=CN=C5,CC(C)C(=O)[C@]12C(=O)C(=C([C@](C1=O)(C[C@@H]([C@@]2(C)CCC=C(C)C)CC=C(C)C)CC=C(C)C)O)CC=C(C)C,BCR-ABL_inhibitor,0.0,0,train
Radotinib,Fat,CC1=C(C=C(C=C1)C(=O)NC2=CC(=CC(=C2)C(F)(F)F)N3C=C(N=C3)C)NC4=NC=CC(=N4)C5=NC=CN=C5,CCCCCCCC/C=C\CCCCCCCC(=O)O,BCR-ABL_inhibitor,0.0,0,train
Radotinib,Dairy,CC1=C(C=C(C=C1)C(=O)NC2=CC(=CC(=C2)C(F)(F)F)N3C=C(N=C3)C)NC4=NC=CC(=N4)C5=NC=CN=C5,[Ca],BCR-ABL_inhibitor,0.0,0,train
Radotinib,Garlic,CC1=C(C=C(C=C1)C(=O)NC2=CC(=CC(=C2)C(F)(F)F)N3C=C(N=C3)C)NC4=NC=CC(=N4)C5=NC=CN=C5,C=CCSS(=O)CC=C,BCR-ABL_inhibitor,0.0,0,train
Radotinib,Green Tea,CC1=C(C=C(C=C1)C(=O)NC2=CC(=CC(=C2)C(F)(F)F)N3C=C(N=C3)C)NC4=NC=CC(=N4)C5=NC=CN=C5,C1[C@H]([C@H](OC2=CC(=CC(=C21)O)O)C3=CC(=C(C(=C3)O)O)O)OC(=O)C4=CC(=C(C(=C4)O)O)O,BCR-ABL_inhibitor,0.0,0,train
Radotinib,Calcium,CC1=C(C=C(C=C1)C(=O)NC2=CC(=CC(=C2)C(F)(F)F)N3C=C(N=C3)C)NC4=NC=CC(=N4)C5=NC=CN=C5,[Ca],BCR-ABL_inhibitor,0.0,0,train
Radotinib,Vitamin C,CC1=C(C=C(C=C1)C(=O)NC2=CC(=CC(=C2)C(F)(F)F)N3C=C(N=C3)C)NC4=NC=CC(=N4)C5=NC=CN=C5,C([C@@H]([C@@H]1C(=C(C(=O)O1)O)O)O)O,BCR-ABL_inhibitor,0.0,0,train
Fluorouracil,Grapefruit,C1=C(C(=O)NC(=O)N1)F,CC(=CCC/C(=C/COC1=C2C=CC(=O)OC2=CC3=C1C=CO3)/C)C,antimetabolite,0.0,0,train
Fluorouracil,Caffeine,C1=C(C(=O)NC(=O)N1)F,CN1C=NC2=C1C(=O)N(C(=O)N2C)C,antimetabolite,0.0,0,train
Fluorouracil,Alcohol,C1=C(C(=O)NC(=O)N1)F,CCO,antimetabolite,0.0,0,train
Fluorouracil,St. John'S Wort,C1=C(C(=O)NC(=O)N1)F,CC(C)C(=O)[C@]12C(=O)C(=C([C@](C1=O)(C[C@@H]([C@@]2(C)CCC=C(C)C)CC=C(C)C)CC=C(C)C)O)CC=C(C)C,antimetabolite,0.0,0,train
Fluorouracil,Fat,C1=C(C(=O)NC(=O)N1)F,CCCCCCCC/C=C\CCCCCCCC(=O)O,antimetabolite,37.8,2,train
Fluorouracil,Dairy,C1=C(C(=O)NC(=O)N1)F,[Ca],antimetabolite,0.0,0,train
Fluorouracil,Garlic,C1=C(C(=O)NC(=O)N1)F,C=CCSS(=O)CC=C,antimetabolite,0.0,0,train
Fluorouracil,Green Tea,C1=C(C(=O)NC(=O)N1)F,C1[C@H]([C@H](OC2=CC(=CC(=C21)O)O)C3=CC(=C(C(=C3)O)O)O)OC(=O)C4=CC(=C(C(=C4)O)O)O,antimetabolite,0.0,0,train
Fluorouracil,Calcium,C1=C(C(=O)NC(=O)N1)F,[Ca],antimetabolite,0.0,0,train
Fluorouracil,Vitamin C,C1=C(C(=O)NC(=O)N1)F,C([C@@H]([C@@H]1C(=C(C(=O)O1)O)O)O)O,antimetabolite,0.0,0,train
Lenvatinib,Grapefruit,COC1=CC2=NC=CC(=C2C=C1C(=O)N)OC3=CC(=C(C=C3)NC(=O)NC4CC4)Cl,CC(=CCC/C(=C/COC1=C2C=CC(=O)OC2=CC3=C1C=CO3)/C)C,multikinase_inhibitor,0.0,0,train
Lenvatinib,Caffeine,COC1=CC2=NC=CC(=C2C=C1C(=O)N)OC3=CC(=C(C=C3)NC(=O)NC4CC4)Cl,CN1C=NC2=C1C(=O)N(C(=O)N2C)C,multikinase_inhibitor,0.0,0,train
Lenvatinib,Alcohol,COC1=CC2=NC=CC(=C2C=C1C(=O)N)OC3=CC(=C(C=C3)NC(=O)NC4CC4)Cl,CCO,multikinase_inhibitor,0.0,0,train
Lenvatinib,St. John'S Wort,COC1=CC2=NC=CC(=C2C=C1C(=O)N)OC3=CC(=C(C=C3)NC(=O)NC4CC4)Cl,CC(C)C(=O)[C@]12C(=O)C(=C([C@](C1=O)(C[C@@H]([C@@]2(C)CCC=C(C)C)CC=C(C)C)CC=C(C)C)O)CC=C(C)C,multikinase_inhibitor,0.0,0,train
Lenvatinib,Fat,COC1=CC2=NC=CC(=C2C=C1C(=O)N)OC3=CC(=C(C=C3)NC(=O)NC4CC4)Cl,CCCCCCCC/C=C\CCCCCCCC(=O)O,multikinase_inhibitor,49.9,2,train
Lenvatinib,Dairy,COC1=CC2=NC=CC(=C2C=C1C(=O)N)OC3=CC(=C(C=C3)NC(=O)NC4CC4)Cl,[Ca],multikinase_inhibitor,0.0,0,train
Lenvatinib,Garlic,COC1=CC2=NC=CC(=C2C=C1C(=O)N)OC3=CC(=C(C=C3)NC(=O)NC4CC4)Cl,C=CCSS(=O)CC=C,multikinase_inhibitor,0.0,0,train
Lenvatinib,Green Tea,COC1=CC2=NC=CC(=C2C=C1C(=O)N)OC3=CC(=C(C=C3)NC(=O)NC4CC4)Cl,C1[C@H]([C@H](OC2=CC(=CC(=C21)O)O)C3=CC(=C(C(=C3)O)O)O)OC(=O)C4=CC(=C(C(=C4)O)O)O,multikinase_inhibitor,0.0,0,train
Lenvatinib,Calcium,COC1=CC2=NC=CC(=C2C=C1C(=O)N)OC3=CC(=C(C=C3)NC(=O)NC4CC4)Cl,[Ca],multikinase_inhibitor,-20.2,1,train
Lenvatinib,Vitamin C,COC1=CC2=NC=CC(=C2C=C1C(=O)N)OC3=CC(=C(C=C3)NC(=O)NC4CC4)Cl,C([C@@H]([C@@H]1C(=C(C(=O)O1)O)O)O)O,multikinase_inhibitor,0.0,0,train
Bazedoxifene,Grapefruit,CC1=C(N(C2=C1C=C(C=C2)O)CC3=CC=C(C=C3)OCCN4CCCCCC4)C5=CC=C(C=C5)O,CC(=CCC/C(=C/COC1=C2C=CC(=O)OC2=CC3=C1C=CO3)/C)C,SERM,0.0,0,train
Bazedoxifene,Caffeine,CC1=C(N(C2=C1C=C(C=C2)O)CC3=CC=C(C=C3)OCCN4CCCCCC4)C5=CC=C(C=C5)O,CN1C=NC2=C1C(=O)N(C(=O)N2C)C,SERM,0.0,0,train
Bazedoxifene,Alcohol,CC1=C(N(C2=C1C=C(C=C2)O)CC3=CC=C(C=C3)OCCN4CCCCCC4)C5=CC=C(C=C5)O,CCO,SERM,0.0,0,train
Bazedoxifene,St. John'S Wort,CC1=C(N(C2=C1C=C(C=C2)O)CC3=CC=C(C=C3)OCCN4CCCCCC4)C5=CC=C(C=C5)O,CC(C)C(=O)[C@]12C(=O)C(=C([C@](C1=O)(C[C@@H]([C@@]2(C)CCC=C(C)C)CC=C(C)C)CC=C(C)C)O)CC=C(C)C,SERM,-50.9,2,train
Bazedoxifene,Fat,CC1=C(N(C2=C1C=C(C=C2)O)CC3=CC=C(C=C3)OCCN4CCCCCC4)C5=CC=C(C=C5)O,CCCCCCCC/C=C\CCCCCCCC(=O)O,SERM,35.5,2,train
Bazedoxifene,Dairy,CC1=C(N(C2=C1C=C(C=C2)O)CC3=CC=C(C=C3)OCCN4CCCCCC4)C5=CC=C(C=C5)O,[Ca],SERM,0.0,0,train
Bazedoxifene,Garlic,CC1=C(N(C2=C1C=C(C=C2)O)CC3=CC=C(C=C3)OCCN4CCCCCC4)C5=CC=C(C=C5)O,C=CCSS(=O)CC=C,SERM,0.0,0,train
Bazedoxifene,Green Tea,CC1=C(N(C2=C1C=C(C=C2)O)CC3=CC=C(C=C3)OCCN4CCCCCC4)C5=CC=C(C=C5)O,C1[C@H]([C@H](OC2=CC(=CC(=C21)O)O)C3=CC(=C(C(=C3)O)O)O)OC(=O)C4=CC(=C(C(=C4)O)O)O,SERM,0.0,0,train
Bazedoxifene,Calcium,CC1=C(N(C2=C1C=C(C=C2)O)CC3=CC=C(C=C3)OCCN4CCCCCC4)C5=CC=C(C=C5)O,[Ca],SERM,23.5,1,train
Bazedoxifene,Vitamin C,CC1=C(N(C2=C1C=C(C=C2)O)CC3=CC=C(C=C3)OCCN4CCCCCC4)C5=CC=C(C=C5)O,C([C@@H]([C@@H]1C(=C(C(=O)O1)O)O)O)O,SERM,0.0,0,train
Busulfan,Grapefruit,CS(=O)(=O)OCCCCOS(=O)(=O)C,CC(=CCC/C(=C/COC1=C2C=CC(=O)OC2=CC3=C1C=CO3)/C)C,alkylating_agent,0.0,0,train
Busulfan,Caffeine,CS(=O)(=O)OCCCCOS(=O)(=O)C,CN1C=NC2=C1C(=O)N(C(=O)N2C)C,alkylating_agent,0.0,0,train
Busulfan,Alcohol,CS(=O)(=O)OCCCCOS(=O)(=O)C,CCO,alkylating_agent,0.0,0,train
Busulfan,St. John'S Wort,CS(=O)(=O)OCCCCOS(=O)(=O)C,CC(C)C(=O)[C@]12C(=O)C(=C([C@](C1=O)(C[C@@H]([C@@]2(C)CCC=C(C)C)CC=C(C)C)CC=C(C)C)O)CC=C(C)C,alkylating_agent,0.0,0,train
Busulfan,Fat,CS(=O)(=O)OCCCCOS(=O)(=O)C,CCCCCCCC/C=C\CCCCCCCC(=O)O,alkylating_agent,53.3,2,train
Busulfan,Dairy,CS(=O)(=O)OCCCCOS(=O)(=O)C,[Ca],alkylating_agent,0.0,0,train
Busulfan,Garlic,CS(=O)(=O)OCCCCOS(=O)(=O)C,C=CCSS(=O)CC=C,alkylating_agent,0.0,0,train
Busulfan,Green Tea,CS(=O)(=O)OCCCCOS(=O)(=O)C,C1[C@H]([C@H](OC2=CC(=CC(=C21)O)O)C3=CC(=C(C(=C3)O)O)O)OC(=O)C4=CC(=C(C(=C4)O)O)O,alkylating_agent,0.0,0,train
Busulfan,Calcium,CS(=O)(=O)OCCCCOS(=O)(=O)C,[Ca],alkylating_agent,0.0,0,train
Busulfan,Vitamin C,CS(=O)(=O)OCCCCOS(=O)(=O)C,C([C@@H]([C@@H]1C(=C(C(=O)O1)O)O)O)O,alkylating_agent,0.0,0,train
Regorafenib,Grapefruit,CNC(=O)C1=NC=CC(=C1)OC2=CC(=C(C=C2)NC(=O)NC3=CC(=C(C=C3)Cl)C(F)(F)F)F,CC(=CCC/C(=C/COC1=C2C=CC(=O)OC2=CC3=C1C=CO3)/C)C,multikinase_inhibitor,58.2,2,train
Regorafenib,Caffeine,CNC(=O)C1=NC=CC(=C1)OC2=CC(=C(C=C2)NC(=O)NC3=CC(=C(C=C3)Cl)C(F)(F)F)F,CN1C=NC2=C1C(=O)N(C(=O)N2C)C,multikinase_inhibitor,0.0,0,train
Regorafenib,Alcohol,CNC(=O)C1=NC=CC(=C1)OC2=CC(=C(C=C2)NC(=O)NC3=CC(=C(C=C3)Cl)C(F)(F)F)F,CCO,multikinase_inhibitor,0.0,0,train
Regorafenib,St. John'S Wort,CNC(=O)C1=NC=CC(=C1)OC2=CC(=C(C=C2)NC(=O)NC3=CC(=C(C=C3)Cl)C(F)(F)F)F,CC(C)C(=O)[C@]12C(=O)C(=C([C@](C1=O)(C[C@@H]([C@@]2(C)CCC=C(C)C)CC=C(C)C)CC=C(C)C)O)CC=C(C)C,multikinase_inhibitor,-57.9,2,train
Regorafenib,Fat,CNC(=O)C1=NC=CC(=C1)OC2=CC(=C(C=C2)NC(=O)NC3=CC(=C(C=C3)Cl)C(F)(F)F)F,CCCCCCCC/C=C\CCCCCCCC(=O)O,multikinase_inhibitor,47.9,2,train
Regorafenib,Dairy,CNC(=O)C1=NC=CC(=C1)OC2=CC(=C(C=C2)NC(=O)NC3=CC(=C(C=C3)Cl)C(F)(F)F)F,[Ca],multikinase_inhibitor,0.0,0,train
Regorafenib,Garlic,CNC(=O)C1=NC=CC(=C1)OC2=CC(=C(C=C2)NC(=O)NC3=CC(=C(C=C3)Cl)C(F)(F)F)F,C=CCSS(=O)CC=C,multikinase_inhibitor,0.0,0,train
Regorafenib,Green Tea,CNC(=O)C1=NC=CC(=C1)OC2=CC(=C(C=C2)NC(=O)NC3=CC(=C(C=C3)Cl)C(F)(F)F)F,C1[C@H]([C@H](OC2=CC(=CC(=C21)O)O)C3=CC(=C(C(=C3)O)O)O)OC(=O)C4=CC(=C(C(=C4)O)O)O,multikinase_inhibitor,0.0,0,train
Regorafenib,Calcium,CNC(=O)C1=NC=CC(=C1)OC2=CC(=C(C=C2)NC(=O)NC3=CC(=C(C=C3)Cl)C(F)(F)F)F,[Ca],multikinase_inhibitor,0.0,0,train
Regorafenib,Vitamin C,CNC(=O)C1=NC=CC(=C1)OC2=CC(=C(C=C2)NC(=O)NC3=CC(=C(C=C3)Cl)C(F)(F)F)F,C([C@@H]([C@@H]1C(=C(C(=O)O1)O)O)O)O,multikinase_inhibitor,0.0,0,train
Ifosfamide,Grapefruit,C1CN(P(=O)(OC1)NCCCl)CCCl,CC(=CCC/C(=C/COC1=C2C=CC(=O)OC2=CC3=C1C=CO3)/C)C,alkylating_agent,0.0,0,unseen
Ifosfamide,Caffeine,C1CN(P(=O)(OC1)NCCCl)CCCl,CN1C=NC2=C1C(=O)N(C(=O)N2C)C,alkylating_agent,0.0,0,unseen
Ifosfamide,Alcohol,C1CN(P(=O)(OC1)NCCCl)CCCl,CCO,alkylating_agent,21.1,1,unseen
Ifosfamide,St. John'S Wort,C1CN(P(=O)(OC1)NCCCl)CCCl,CC(C)C(=O)[C@]12C(=O)C(=C([C@](C1=O)(C[C@@H]([C@@]2(C)CCC=C(C)C)CC=C(C)C)CC=C(C)C)O)CC=C(C)C,alkylating_agent,0.0,0,unseen
Ifosfamide,Fat,C1CN(P(=O)(OC1)NCCCl)CCCl,CCCCCCCC/C=C\CCCCCCCC(=O)O,alkylating_agent,32.7,2,unseen
Ifosfamide,Dairy,C1CN(P(=O)(OC1)NCCCl)CCCl,[Ca],alkylating_agent,0.0,0,unseen
Ifosfamide,Garlic,C1CN(P(=O)(OC1)NCCCl)CCCl,C=CCSS(=O)CC=C,alkylating_agent,0.0,0,unseen
Ifosfamide,Green Tea,C1CN(P(=O)(OC1)NCCCl)CCCl,C1[C@H]([C@H](OC2=CC(=CC(=C21)O)O)C3=CC(=C(C(=C3)O)O)O)OC(=O)C4=CC(=C(C(=C4)O)O)O,alkylating_agent,0.0,0,unseen
Ifosfamide,Calcium,C1CN(P(=O)(OC1)NCCCl)CCCl,[Ca],alkylating_agent,0.0,0,unseen
Ifosfamide,Vitamin C,C1CN(P(=O)(OC1)NCCCl)CCCl,C([C@@H]([C@@H]1C(=C(C(=O)O1)O)O)O)O,alkylating_agent,0.0,0,unseen
Cabozantinib,Grapefruit,COC1=CC2=C(C=CN=C2C=C1OC)OC3=CC=C(C=C3)NC(=O)C4(CC4)C(=O)NC5=CC=C(C=C5)F,CC(=CCC/C(=C/COC1=C2C=CC(=O)OC2=CC3=C1C=CO3)/C)C,multikinase_inhibitor,35.9,2,unseen
Cabozantinib,Caffeine,COC1=CC2=C(C=CN=C2C=C1OC)OC3=CC=C(C=C3)NC(=O)C4(CC4)C(=O)NC5=CC=C(C=C5)F,CN1C=NC2=C1C(=O)N(C(=O)N2C)C,multikinase_inhibitor,0.0,0,unseen
Cabozantinib,Alcohol,COC1=CC2=C(C=CN=C2C=C1OC)OC3=CC=C(C=C3)NC(=O)C4(CC4)C(=O)NC5=CC=C(C=C5)F,CCO,multikinase_inhibitor,0.0,0,unseen
Cabozantinib,St. John'S Wort,COC1=CC2=C(C=CN=C2C=C1OC)OC3=CC=C(C=C3)NC(=O)C4(CC4)C(=O)NC5=CC=C(C=C5)F,CC(C)C(=O)[C@]12C(=O)C(=C([C@](C1=O)(C[C@@H]([C@@]2(C)CCC=C(C)C)CC=C(C)C)CC=C(C)C)O)CC=C(C)C,multikinase_inhibitor,0.0,0,unseen
Cabozantinib,Fat,COC1=CC2=C(C=CN=C2C=C1OC)OC3=CC=C(C=C3)NC(=O)C4(CC4)C(=O)NC5=CC=C(C=C5)F,CCCCCCCC/C=C\CCCCCCCC(=O)O,multikinase_inhibitor,31.4,2,unseen
Cabozantinib,Dairy,COC1=CC2=C(C=CN=C2C=C1OC)OC3=CC=C(C=C3)NC(=O)C4(CC4)C(=O)NC5=CC=C(C=C5)F,[Ca],multikinase_inhibitor,0.0,0,unseen
Cabozantinib,Garlic,COC1=CC2=C(C=CN=C2C=C1OC)OC3=CC=C(C=C3)NC(=O)C4(CC4)C(=O)NC5=CC=C(C=C5)F,C=CCSS(=O)CC=C,multikinase_inhibitor,0.0,0,unseen
Cabozantinib,Green Tea,COC1=CC2=C(C=CN=C2C=C1OC)OC3=CC=C(C=C3)NC(=O)C4(CC4)C(=O)NC5=CC=C(C=C5)F,C1[C@H]([C@H](OC2=CC(=CC(=C21)O)O)C3=CC(=C(C(=C3)O)O)O)OC(=O)C4=CC(=C(C(=C4)O)O)O,multikinase_inhibitor,0.0,0,unseen
Cabozantinib,Calcium,COC1=CC2=C(C=CN=C2C=C1OC)OC3=CC=C(C=C3)NC(=O)C4(CC4)C(=O)NC5=CC=C(C=C5)F,[Ca],multikinase_inhibitor,-18.9,1,unseen
Cabozantinib,Vitamin C,COC1=CC2=C(C=CN=C2C=C1OC)OC3=CC=C(C=C3)NC(=O)C4(CC4)C(=O)NC5=CC=C(C=C5)F,C([C@@H]([C@@H]1C(=C(C(=O)O1)O)O)O)O,multikinase_inhibitor,0.0,0,unseen
Melphalan,Grapefruit,C1=CC(=CC=C1C[C@@H](C(=O)O)N)N(CCCl)CCCl,CC(=CCC/C(=C/COC1=C2C=CC(=O)OC2=CC3=C1C=CO3)/C)C,alkylating_agent,0.0,0,train
Melphalan,Caffeine,C1=CC(=CC=C1C[C@@H](C(=O)O)N)N(CCCl)CCCl,CN1C=NC2=C1C(=O)N(C(=O)N2C)C,alkylating_agent,0.0,0,train
Melphalan,Alcohol,C1=CC(=CC=C1C[C@@H](C(=O)O)N)N(CCCl)CCCl,CCO,alkylating_agent,0.0,0,train
Melphalan,St. John'S Wort,C1=CC(=CC=C1C[C@@H](C(=O)O)N)N(CCCl)CCCl,CC(C)C(=O)[C@]12C(=O)C(=C([C@](C1=O)(C[C@@H]([C@@]2(C)CCC=C(C)C)CC=C(C)C)CC=C(C)C)O)CC=C(C)C,alkylating_agent,0.0,0,train
Melphalan,Fat,C1=CC(=CC=C1C[C@@H](C(=O)O)N)N(CCCl)CCCl,CCCCCCCC/C=C\CCCCCCCC(=O)O,alkylating_agent,0.0,0,train
Melphalan,Dairy,C1=CC(=CC=C1C[C@@H](C(=O)O)N)N(CCCl)CCCl,[Ca],alkylating_agent,0.0,0,train
Melphalan,Garlic,C1=CC(=CC=C1C[C@@H](C(=O)O)N)N(CCCl)CCCl,C=CCSS(=O)CC=C,alkylating_agent,0.0,0,train
Melphalan,Green Tea,C1=CC(=CC=C1C[C@@H](C(=O)O)N)N(CCCl)CCCl,C1[C@H]([C@H](OC2=CC(=CC(=C21)O)O)C3=CC(=C(C(=C3)O)O)O)OC(=O)C4=CC(=C(C(=C4)O)O)O,alkylating_agent,0.0,0,train
Melphalan,Calcium,C1=CC(=CC=C1C[C@@H](C(=O)O)N)N(CCCl)CCCl,[Ca],alkylating_agent,0.0,0,train
Melphalan,Vitamin C,C1=CC(=CC=C1C[C@@H](C(=O)O)N)N(CCCl)CCCl,C([C@@H]([C@@H]1C(=C(C(=O)O1)O)O)O)O,alkylating_agent,0.0,0,train
Cytarabine,Grapefruit,C1=CN(C(=O)N=C1N)[C@H]2[C@H]([C@@H]([C@H](O2)CO)O)O,CC(=CCC/C(=C/COC1=C2C=CC(=O)OC2=CC3=C1C=CO3)/C)C,antimetabolite,0.0,0,train
Cytarabine,Caffeine,C1=CN(C(=O)N=C1N)[C@H]2[C@H]([C@@H]([C@H](O2)CO)O)O,CN1C=NC2=C1C(=O)N(C(=O)N2C)C,antimetabolite,0.0,0,train
Cytarabine,Alcohol,C1=CN(C(=O)N=C1N)[C@H]2[C@H]([C@@H]([C@H](O2)CO)O)O,CCO,antimetabolite,0.0,0,train
Cytarabine,St. John'S Wort,C1=CN(C(=O)N=C1N)[C@H]2[C@H]([C@@H]([C@H](O2)CO)O)O,CC(C)C(=O)[C@]12C(=O)C(=C([C@](C1=O)(C[C@@H]([C@@]2(C)CCC=C(C)C)CC=C(C)C)CC=C(C)C)O)CC=C(C)C,antimetabolite,0.0,0,train
Cytarabine,Fat,C1=CN(C(=O)N=C1N)[C@H]2[C@H]([C@@H]([C@H](O2)CO)O)O,CCCCCCCC/C=C\CCCCCCCC(=O)O,antimetabolite,0.0,0,train
Cytarabine,Dairy,C1=CN(C(=O)N=C1N)[C@H]2[C@H]([C@@H]([C@H](O2)CO)O)O,[Ca],antimetabolite,0.0,0,train
Cytarabine,Garlic,C1=CN(C(=O)N=C1N)[C@H]2[C@H]([C@@H]([C@H](O2)CO)O)O,C=CCSS(=O)CC=C,antimetabolite,0.0,0,train
Cytarabine,Green Tea,C1=CN(C(=O)N=C1N)[C@H]2[C@H]([C@@H]([C@H](O2)CO)O)O,C1[C@H]([C@H](OC2=CC(=CC(=C21)O)O)C3=CC(=C(C(=C3)O)O)O)OC(=O)C4=CC(=C(C(=C4)O)O)O,antimetabolite,0.0,0,train
Cytarabine,Calcium,C1=CN(C(=O)N=C1N)[C@H]2[C@H]([C@@H]([C@H](O2)CO)O)O,[Ca],antimetabolite,0.0,0,train
Cytarabine,Vitamin C,C1=CN(C(=O)N=C1N)[C@H]2[C@H]([C@@H]([C@H](O2)CO)O)O,C([C@@H]([C@@H]1C(=C(C(=O)O1)O)O)O)O,antimetabolite,0.0,0,train
Bosutinib,Grapefruit,CN1CCN(CC1)CCCOC2=C(C=C3C(=C2)N=CC(=C3NC4=CC(=C(C=C4Cl)Cl)OC)C#N)OC,CC(=CCC/C(=C/COC1=C2C=CC(=O)OC2=CC3=C1C=CO3)/C)C,BCR-ABL_inhibitor,0.0,0,train
Bosutinib,Caffeine,CN1CCN(CC1)CCCOC2=C(C=C3C(=C2)N=CC(=C3NC4=CC(=C(C=C4Cl)Cl)OC)C#N)OC,CN1C=NC2=C1C(=O)N(C(=O)N2C)C,BCR-ABL_inhibitor,0.0,0,train
Bosutinib,Alcohol,CN1CCN(CC1)CCCOC2=C(C=C3C(=C2)N=CC(=C3NC4=CC(=C(C=C4Cl)Cl)OC)C#N)OC,CCO,BCR-ABL_inhibitor,0.0,0,train
Bosutinib,St. John'S Wort,CN1CCN(CC1)CCCOC2=C(C=C3C(=C2)N=CC(=C3NC4=CC(=C(C=C4Cl)Cl)OC)C#N)OC,CC(C)C(=O)[C@]12C(=O)C(=C([C@](C1=O)(C[C@@H]([C@@]2(C)CCC=C(C)C)CC=C(C)C)CC=C(C)C)O)CC=C(C)C,BCR-ABL_inhibitor,-45.4,2,train
Bosutinib,Fat,CN1CCN(CC1)CCCOC2=C(C=C3C(=C2)N=CC(=C3NC4=CC(=C(C=C4Cl)Cl)OC)C#N)OC,CCCCCCCC/C=C\CCCCCCCC(=O)O,BCR-ABL_inhibitor,54.9,2,train
Bosutinib,Dairy,CN1CCN(CC1)CCCOC2=C(C=C3C(=C2)N=CC(=C3NC4=CC(=C(C=C4Cl)Cl)OC)C#N)OC,[Ca],BCR-ABL_inhibitor,0.0,0,train
Bosutinib,Garlic,CN1CCN(CC1)CCCOC2=C(C=C3C(=C2)N=CC(=C3NC4=CC(=C(C=C4Cl)Cl)OC)C#N)OC,C=CCSS(=O)CC=C,BCR-ABL_inhibitor,0.0,0,train
Bosutinib,Green Tea,CN1CCN(CC1)CCCOC2=C(C=C3C(=C2)N=CC(=C3NC4=CC(=C(C=C4Cl)Cl)OC)C#N)OC,C1[C@H]([C@H](OC2=CC(=CC(=C21)O)O)C3=CC(=C(C(=C3)O)O)O)OC(=O)C4=CC(=C(C(=C4)O)O)O,BCR-ABL_inhibitor,0.0,0,train
Bosutinib,Calcium,CN1CCN(CC1)CCCOC2=C(C=C3C(=C2)N=CC(=C3NC4=CC(=C(C=C4Cl)Cl)OC)C#N)OC,[Ca],BCR-ABL_inhibitor,0.0,0,train
Bosutinib,Vitamin C,CN1CCN(CC1)CCCOC2=C(C=C3C(=C2)N=CC(=C3NC4=CC(=C(C=C4Cl)Cl)OC)C#N)OC,C([C@@H]([C@@H]1C(=C(C(=O)O1)O)O)O)O,BCR-ABL_inhibitor,0.0,0,train
Cyclophosphamide,Grapefruit,C1CNP(=O)(OC1)N(CCCl)CCCl,CC(=CCC/C(=C/COC1=C2C=CC(=O)OC2=CC3=C1C=CO3)/C)C,alkylating_agent,0.0,0,train
Cyclophosphamide,Caffeine,C1CNP(=O)(OC1)N(CCCl)CCCl,CN1C=NC2=C1C(=O)N(C(=O)N2C)C,alkylating_agent,0.0,0,train
Cyclophosphamide,Alcohol,C1CNP(=O)(OC1)N(CCCl)CCCl,CCO,alkylating_agent,0.0,0,train
Cyclophosphamide,St. John'S Wort,C1CNP(=O)(OC1)N(CCCl)CCCl,CC(C)C(=O)[C@]12C(=O)C(=C([C@](C1=O)(C[C@@H]([C@@]2(C)CCC=C(C)C)CC=C(C)C)CC=C(C)C)O)CC=C(C)C,alkylating_agent,0.0,0,train
Cyclophosphamide,Fat,C1CNP(=O)(OC1)N(CCCl)CCCl,CCCCCCCC/C=C\CCCCCCCC(=O)O,alkylating_agent,40.7,2,train
Cyclophosphamide,Dairy,C1CNP(=O)(OC1)N(CCCl)CCCl,[Ca],alkylating_agent,0.0,0,train
Cyclophosphamide,Garlic,C1CNP(=O)(OC1)N(CCCl)CCCl,C=CCSS(=O)CC=C,alkylating_agent,0.0,0,train
Cyclophosphamide,Green Tea,C1CNP(=O)(OC1)N(CCCl)CCCl,C1[C@H]([C@H](OC2=CC(=CC(=C21)O)O)C3=CC(=C(C(=C3)O)O)O)OC(=O)C4=CC(=C(C(=C4)O)O)O,alkylating_agent,0.0,0,train
Cyclophosphamide,Calcium,C1CNP(=O)(OC1)N(CCCl)CCCl,[Ca],alkylating_agent,0.0,0,train
Cyclophosphamide,Vitamin C,C1CNP(=O)(OC1)N(CCCl)CCCl,C([C@@H]([C@@H]1C(=C(C(=O)O1)O)O)O)O,alkylating_agent,0.0,0,train
Afatinib,Grapefruit,CN(C)C/C=C/C(=O)NC1=C(C=C2C(=C1)C(=NC=N2)NC3=CC(=C(C=C3)F)Cl)O[C@H]4CCOC4,CC(=CCC/C(=C/COC1=C2C=CC(=O)OC2=CC3=C1C=CO3)/C)C,EGFR_inhibitor,0.0,0,train
Afatinib,Caffeine,CN(C)C/C=C/C(=O)NC1=C(C=C2C(=C1)C(=NC=N2)NC3=CC(=C(C=C3)F)Cl)O[C@H]4CCOC4,CN1C=NC2=C1C(=O)N(C(=O)N2C)C,EGFR_inhibitor,0.0,0,train
Afatinib,Alcohol,CN(C)C/C=C/C(=O)NC1=C(C=C2C(=C1)C(=NC=N2)NC3=CC(=C(C=C3)F)Cl)O[C@H]4CCOC4,CCO,EGFR_inhibitor,0.0,0,train
Afatinib,St. John'S Wort,CN(C)C/C=C/C(=O)NC1=C(C=C2C(=C1)C(=NC=N2)NC3=CC(=C(C=C3)F)Cl)O[C@H]4CCOC4,CC(C)C(=O)[C@]12C(=O)C(=C([C@](C1=O)(C[C@@H]([C@@]2(C)CCC=C(C)C)CC=C(C)C)CC=C(C)C)O)CC=C(C)C,EGFR_inhibitor,-45.6,2,train
Afatinib,Fat,CN(C)C/C=C/C(=O)NC1=C(C=C2C(=C1)C(=NC=N2)NC3=CC(=C(C=C3)F)Cl)O[C@H]4CCOC4,CCCCCCCC/C=C\CCCCCCCC(=O)O,EGFR_inhibitor,46.3,2,train
Afatinib,Dairy,CN(C)C/C=C/C(=O)NC1=C(C=C2C(=C1)C(=NC=N2)NC3=CC(=C(C=C3)F)Cl)O[C@H]4CCOC4,[Ca],EGFR_inhibitor,0.0,0,train
Afatinib,Garlic,CN(C)C/C=C/C(=O)NC1=C(C=C2C(=C1)C(=NC=N2)NC3=CC(=C(C=C3)F)Cl)O[C@H]4CCOC4,C=CCSS(=O)CC=C,EGFR_inhibitor,0.0,0,train
Afatinib,Green Tea,CN(C)C/C=C/C(=O)NC1=C(C=C2C(=C1)C(=NC=N2)NC3=CC(=C(C=C3)F)Cl)O[C@H]4CCOC4,C1[C@H]([C@H](OC2=CC(=CC(=C21)O)O)C3=CC(=C(C(=C3)O)O)O)OC(=O)C4=CC(=C(C(=C4)O)O)O,EGFR_inhibitor,0.0,0,train
Afatinib,Calcium,CN(C)C/C=C/C(=O)NC1=C(C=C2C(=C1)C(=NC=N2)NC3=CC(=C(C=C3)F)Cl)O[C@H]4CCOC4,[Ca],EGFR_inhibitor,0.0,0,train
Afatinib,Vitamin C,CN(C)C/C=C/C(=O)NC1=C(C=C2C(=C1)C(=NC=N2)NC3=CC(=C(C=C3)F)Cl)O[C@H]4CCOC4,C([C@@H]([C@@H]1C(=C(C(=O)O1)O)O)O)O,EGFR_inhibitor,0.0,0,train
Toremifene,Grapefruit,CN(C)CCOC1=CC=C(C=C1)/C(=C(/CCCl)\C2=CC=CC=C2)/C3=CC=CC=C3,CC(=CCC/C(=C/COC1=C2C=CC(=O)OC2=CC3=C1C=CO3)/C)C,SERM,34.2,2,unseen
Toremifene,Caffeine,CN(C)CCOC1=CC=C(C=C1)/C(=C(/CCCl)\C2=CC=CC=C2)/C3=CC=CC=C3,CN1C=NC2=C1C(=O)N(C(=O)N2C)C,SERM,0.0,0,unseen
Toremifene,Alcohol,CN(C)CCOC1=CC=C(C=C1)/C(=C(/CCCl)\C2=CC=CC=C2)/C3=CC=CC=C3,CCO,SERM,15.1,1,unseen
Toremifene,St. John'S Wort,CN(C)CCOC1=CC=C(C=C1)/C(=C(/CCCl)\C2=CC=CC=C2)/C3=CC=CC=C3,CC(C)C(=O)[C@]12C(=O)C(=C([C@](C1=O)(C[C@@H]([C@@]2(C)CCC=C(C)C)CC=C(C)C)CC=C(C)C)O)CC=C(C)C,SERM,-41.5,2,unseen
Toremifene,Fat,CN(C)CCOC1=CC=C(C=C1)/C(=C(/CCCl)\C2=CC=CC=C2)/C3=CC=CC=C3,CCCCCCCC/C=C\CCCCCCCC(=O)O,SERM,59.6,2,unseen
Toremifene,Dairy,CN(C)CCOC1=CC=C(C=C1)/C(=C(/CCCl)\C2=CC=CC=C2)/C3=CC=CC=C3,[Ca],SERM,0.0,0,unseen
Toremifene,Garlic,CN(C)CCOC1=CC=C(C=C1)/C(=C(/CCCl)\C2=CC=CC=C2)/C3=CC=CC=C3,C=CCSS(=O)CC=C,SERM,0.0,0,unseen
Toremifene,Green Tea,CN(C)CCOC1=CC=C(C=C1)/C(=C(/CCCl)\C2=CC=CC=C2)/C3=CC=CC=C3,C1[C@H]([C@H](OC2=CC(=CC(=C21)O)O)C3=CC(=C(C(=C3)O)O)O)OC(=O)C4=CC(=C(C(=C4)O)O)O,SERM,0.0,0,unseen
Toremifene,Calcium,CN(C)CCOC1=CC=C(C=C1)/C(=C(/CCCl)\C2=CC=CC=C2)/C3=CC=CC=C3,[Ca],SERM,17.0,1,unseen
Toremifene,Vitamin C,CN(C)CCOC1=CC=C(C=C1)/C(=C(/CCCl)\C2=CC=CC=C2)/C3=CC=CC=C3,C([C@@H]([C@@H]1C(=C(C(=O)O1)O)O)O)O,SERM,0.0,0,unseen
Gemcitabine,Grapefruit,C1=CN(C(=O)N=C1N)[C@H]2C([C@@H]([C@H](O2)CO)O)(F)F,CC(=CCC/C(=C/COC1=C2C=CC(=O)OC2=CC3=C1C=CO3)/C)C,antimetabolite,0.0,0,unseen
Gemcitabine,Caffeine,C1=CN(C(=O)N=C1N)[C@H]2C([C@@H]([C@H](O2)CO)O)(F)F,CN1C=NC2=C1C(=O)N(C(=O)N2C)C,antimetabolite,0.0,0,unseen
Gemcitabine,Alcohol,C1=CN(C(=O)N=C1N)[C@H]2C([C@@H]([C@H](O2)CO)O)(F)F,CCO,antimetabolite,-24.7,1,unseen
Gemcitabine,St. John'S Wort,C1=CN(C(=O)N=C1N)[C@H]2C([C@@H]([C@H](O2)CO)O)(F)F,CC(C)C(=O)[C@]12C(=O)C(=C([C@](C1=O)(C[C@@H]([C@@]2(C)CCC=C(C)C)CC=C(C)C)CC=C(C)C)O)CC=C(C)C,antimetabolite,0.0,0,unseen
Gemcitabine,Fat,C1=CN(C(=O)N=C1N)[C@H]2C([C@@H]([C@H](O2)CO)O)(F)F,CCCCCCCC/C=C\CCCCCCCC(=O)O,antimetabolite,54.5,2,unseen
Gemcitabine,Dairy,C1=CN(C(=O)N=C1N)[C@H]2C([C@@H]([C@H](O2)CO)O)(F)F,[Ca],antimetabolite,0.0,0,unseen
Gemcitabine,Garlic,C1=CN(C(=O)N=C1N)[C@H]2C([C@@H]([C@H](O2)CO)O)(F)F,C=CCSS(=O)CC=C,antimetabolite,0.0,0,unseen
Gemcitabine,Green Tea,C1=CN(C(=O)N=C1N)[C@H]2C([C@@H]([C@H](O2)CO)O)(F)F,C1[C@H]([C@H](OC2=CC(=CC(=C21)O)O)C3=CC(=C(C(=C3)O)O)O)OC(=O)C4=CC(=C(C(=C4)O)O)O,antimetabolite,0.0,0,unseen
Gemcitabine,Calcium,C1=CN(C(=O)N=C1N)[C@H]2C([C@@H]([C@H](O2)CO)O)(F)F,[Ca],antimetabolite,0.0,0,unseen
Gemcitabine,Vitamin C,C1=CN(C(=O)N=C1N)[C@H]2C([C@@H]([C@H](O2)CO)O)(F)F,C([C@@H]([C@@H]1C(=C(C(=O)O1)O)O)O)O,antimetabolite,0.0,0,unseen
Navitoclax,Grapefruit,CC1(CCC(=C(C1)CN2CCN(CC2)C3=CC=C(C=C3)C(=O)NS(=O)(=O)C4=CC(=C(C=C4)N[C@H](CCN5CCOCC5)CSC6=CC=CC=C6)S(=O)(=O)C(F)(F)F)C7=CC=C(C=C7)Cl)C,CC(=CCC/C(=C/COC1=C2C=CC(=O)OC2=CC3=C1C=CO3)/C)C,BCL2_inhibitor,0.0,0,train
Navitoclax,Caffeine,CC1(CCC(=C(C1)CN2CCN(CC2)C3=CC=C(C=C3)C(=O)NS(=O)(=O)C4=CC(=C(C=C4)N[C@H](CCN5CCOCC5)CSC6=CC=CC=C6)S(=O)(=O)C(F)(F)F)C7=CC=C(C=C7)Cl)C,CN1C=NC2=C1C(=O)N(C(=O)N2C)C,BCL2_inhibitor,0.0,0,train
Navitoclax,Alcohol,CC1(CCC(=C(C1)CN2CCN(CC2)C3=CC=C(C=C3)C(=O)NS(=O)(=O)C4=CC(=C(C=C4)N[C@H](CCN5CCOCC5)CSC6=CC=CC=C6)S(=O)(=O)C(F)(F)F)C7=CC=C(C=C7)Cl)C,CCO,BCL2_inhibitor,0.0,0,train
Navitoclax,St. John'S Wort,CC1(CCC(=C(C1)CN2CCN(CC2)C3=CC=C(C=C3)C(=O)NS(=O)(=O)C4=CC(=C(C=C4)N[C@H](CCN5CCOCC5)CSC6=CC=CC=C6)S(=O)(=O)C(F)(F)F)C7=CC=C(C=C7)Cl)C,CC(C)C(=O)[C@]12C(=O)C(=C([C@](C1=O)(C[C@@H]([C@@]2(C)CCC=C(C)C)CC=C(C)C)CC=C(C)C)O)CC=C(C)C,BCL2_inhibitor,0.0,0,train
Navitoclax,Fat,CC1(CCC(=C(C1)CN2CCN(CC2)C3=CC=C(C=C3)C(=O)NS(=O)(=O)C4=CC(=C(C=C4)N[C@H](CCN5CCOCC5)CSC6=CC=CC=C6)S(=O)(=O)C(F)(F)F)C7=CC=C(C=C7)Cl)C,CCCCCCCC/C=C\CCCCCCCC(=O)O,BCL2_inhibitor,0.0,0,train
Navitoclax,Dairy,CC1(CCC(=C(C1)CN2CCN(CC2)C3=CC=C(C=C3)C(=O)NS(=O)(=O)C4=CC(=C(C=C4)N[C@H](CCN5CCOCC5)CSC6=CC=CC=C6)S(=O)(=O)C(F)(F)F)C7=CC=C(C=C7)Cl)C,[Ca],BCL2_inhibitor,0.0,0,train
Navitoclax,Garlic,CC1(CCC(=C(C1)CN2CCN(CC2)C3=CC=C(C=C3)C(=O)NS(=O)(=O)C4=CC(=C(C=C4)N[C@H](CCN5CCOCC5)CSC6=CC=CC=C6)S(=O)(=O)C(F)(F)F)C7=CC=C(C=C7)Cl)C,C=CCSS(=O)CC=C,BCL2_inhibitor,0.0,0,train
Navitoclax,Green Tea,CC1(CCC(=C(C1)CN2CCN(CC2)C3=CC=C(C=C3)C(=O)NS(=O)(=O)C4=CC(=C(C=C4)N[C@H](CCN5CCOCC5)CSC6=CC=CC=C6)S(=O)(=O)C(F)(F)F)C7=CC=C(C=C7)Cl)C,C1[C@H]([C@H](OC2=CC(=CC(=C21)O)O)C3=CC(=C(C(=C3)O)O)O)OC(=O)C4=CC(=C(C(=C4)O)O)O,BCL2_inhibitor,0.0,0,train
Navitoclax,Calcium,CC1(CCC(=C(C1)CN2CCN(CC2)C3=CC=C(C=C3)C(=O)NS(=O)(=O)C4=CC(=C(C=C4)N[C@H](CCN5CCOCC5)CSC6=CC=CC=C6)S(=O)(=O)C(F)(F)F)C7=CC=C(C=C7)Cl)C,[Ca],BCL2_inhibitor,0.0,0,train
Navitoclax,Vitamin C,CC1(CCC(=C(C1)CN2CCN(CC2)C3=CC=C(C=C3)C(=O)NS(=O)(=O)C4=CC(=C(C=C4)N[C@H](CCN5CCOCC5)CSC6=CC=CC=C6)S(=O)(=O)C(F)(F)F)C7=CC=C(C=C7)Cl)C,C([C@@H]([C@@H]1C(=C(C(=O)O1)O)O)O)O,BCL2_inhibitor,0.0,0,train
Lapatinib,Grapefruit,CS(=O)(=O)CCNCC1=CC=C(O1)C2=CC3=C(C=C2)N=CN=C3NC4=CC(=C(C=C4)OCC5=CC(=CC=C5)F)Cl,CC(=CCC/C(=C/COC1=C2C=CC(=O)OC2=CC3=C1C=CO3)/C)C,EGFR_inhibitor,51.2,2,train
Lapatinib,Caffeine,CS(=O)(=O)CCNCC1=CC=C(O1)C2=CC3=C(C=C2)N=CN=C3NC4=CC(=C(C=C4)OCC5=CC(=CC=C5)F)Cl,CN1C=NC2=C1C(=O)N(C(=O)N2C)C,EGFR_inhibitor,0.0,0,train
Lapatinib,Alcohol,CS(=O)(=O)CCNCC1=CC=C(O1)C2=CC3=C(C=C2)N=CN=C3NC4=CC(=C(C=C4)OCC5=CC(=CC=C5)F)Cl,CCO,EGFR_inhibitor,0.0,0,train
Lapatinib,St. John'S Wort,CS(=O)(=O)CCNCC1=CC=C(O1)C2=CC3=C(C=C2)N=CN=C3NC4=CC(=C(C=C4)OCC5=CC(=CC=C5)F)Cl,CC(C)C(=O)[C@]12C(=O)C(=C([C@](C1=O)(C[C@@H]([C@@]2(C)CCC=C(C)C)CC=C(C)C)CC=C(C)C)O)CC=C(C)C,EGFR_inhibitor,0.0,0,train
Lapatinib,Fat,CS(=O)(=O)CCNCC1=CC=C(O1)C2=CC3=C(C=C2)N=CN=C3NC4=CC(=C(C=C4)OCC5=CC(=CC=C5)F)Cl,CCCCCCCC/C=C\CCCCCCCC(=O)O,EGFR_inhibitor,51.9,2,train
Lapatinib,Dairy,CS(=O)(=O)CCNCC1=CC=C(O1)C2=CC3=C(C=C2)N=CN=C3NC4=CC(=C(C=C4)OCC5=CC(=CC=C5)F)Cl,[Ca],EGFR_inhibitor,0.0,0,train
Lapatinib,Garlic,CS(=O)(=O)CCNCC1=CC=C(O1)C2=CC3=C(C=C2)N=CN=C3NC4=CC(=C(C=C4)OCC5=CC(=CC=C5)F)Cl,C=CCSS(=O)CC=C,EGFR_inhibitor,0.0,0,train
Lapatinib,Green Tea,CS(=O)(=O)CCNCC1=CC=C(O1)C2=CC3=C(C=C2)N=CN=C3NC4=CC(=C(C=C4)OCC5=CC(=CC=C5)F)Cl,C1[C@H]([C@H](OC2=CC(=CC(=C21)O)O)C3=CC(=C(C(=C3)O)O)O)OC(=O)C4=CC(=C(C(=C4)O)O)O,EGFR_inhibitor,0.0,0,train
Lapatinib,Calcium,CS(=O)(=O)CCNCC1=CC=C(O1)C2=CC3=C(C=C2)N=CN=C3NC4=CC(=C(C=C4)OCC5=CC(=CC=C5)F)Cl,[Ca],EGFR_inhibitor,0.0,0,train
Lapatinib,Vitamin C,CS(=O)(=O)CCNCC1=CC=C(O1)C2=CC3=C(C=C2)N=CN=C3NC4=CC(=C(C=C4)OCC5=CC(=CC=C5)F)Cl,C([C@@H]([C@@H]1C(=C(C(=O)O1)O)O)O)O,EGFR_inhibitor,0.0,0,train
Pazopanib,Grapefruit,CC1=C(C=C(C=C1)NC2=NC=CC(=N2)N(C)C3=CC4=NN(C(=C4C=C3)C)C)S(=O)(=O)N,CC(=CCC/C(=C/COC1=C2C=CC(=O)OC2=CC3=C1C=CO3)/C)C,multikinase_inhibitor,0.0,0,train
Pazopanib,Caffeine,CC1=C(C=C(C=C1)NC2=NC=CC(=N2)N(C)C3=CC4=NN(C(=C4C=C3)C)C)S(=O)(=O)N,CN1C=NC2=C1C(=O)N(C(=O)N2C)C,multikinase_inhibitor,22.7,1,train
Pazopanib,Alcohol,CC1=C(C=C(C=C1)NC2=NC=CC(=N2)N(C)C3=CC4=NN(C(=C4C=C3)C)C)S(=O)(=O)N,CCO,multikinase_inhibitor,0.0,0,train
Pazopanib,St. John'S Wort,CC1=C(C=C(C=C1)NC2=NC=CC(=N2)N(C)C3=CC4=NN(C(=C4C=C3)C)C)S(=O)(=O)N,CC(C)C(=O)[C@]12C(=O)C(=C([C@](C1=O)(C[C@@H]([C@@]2(C)CCC=C(C)C)CC=C(C)C)CC=C(C)C)O)CC=C(C)C,multikinase_inhibitor,0.0,0,train
Pazopanib,Fat,CC1=C(C=C(C=C1)NC2=NC=CC(=N2)N(C)C3=CC4=NN(C(=C4C=C3)C)C)S(=O)(=O)N,CCCCCCCC/C=C\CCCCCCCC(=O)O,multikinase_inhibitor,32.2,2,train
Pazopanib,Dairy,CC1=C(C=C(C=C1)NC2=NC=CC(=N2)N(C)C3=CC4=NN(C(=C4C=C3)C)C)S(=O)(=O)N,[Ca],multikinase_inhibitor,0.0,0,train
Pazopanib,Garlic,CC1=C(C=C(C=C1)NC2=NC=CC(=N2)N(C)C3=CC4=NN(C(=C4C=C3)C)C)S(=O)(=O)N,C=CCSS(=O)CC=C,multikinase_inhibitor,0.0,0,train
Pazopanib,Green Tea,CC1=C(C=C(C=C1)NC2=NC=CC(=N2)N(C)C3=CC4=NN(C(=C4C=C3)C)C)S(=O)(=O)N,C1[C@H]([C@H](OC2=CC(=CC(=C21)O)O)C3=CC(=C(C(=C3)O)O)O)OC(=O)C4=CC(=C(C(=C4)O)O)O,multikinase_inhibitor,0.0,0,train
Pazopanib,Calcium,CC1=C(C=C(C=C1)NC2=NC=CC(=N2)N(C)C3=CC4=NN(C(=C4C=C3)C)C)S(=O)(=O)N,[Ca],multikinase_inhibitor,-16.2,1,train
Pazopanib,Vitamin C,CC1=C(C=C(C=C1)NC2=NC=CC(=N2)N(C)C3=CC4=NN(C(=C4C=C3)C)C)S(=O)(=O)N,C([C@@H]([C@@H]1C(=C(C(=O)O1)O)O)O)O,multikinase_inhibitor,0.0,0,train
Venetoclax,Grapefruit,CC1(CCC(=C(C1)C2=CC=C(C=C2)Cl)CN3CCN(CC3)C4=CC(=C(C=C4)C(=O)NS(=O)(=O)C5=CC(=C(C=C5)NCC6CCOCC6)[N+](=O)[O-])OC7=CN=C8C(=C7)C=CN8)C,CC(=CCC/C(=C/COC1=C2C=CC(=O)OC2=CC3=C1C=CO3)/C)C,BCL2_inhibitor,55.9,2,unseen
Venetoclax,Caffeine,CC1(CCC(=C(C1)C2=CC=C(C=C2)Cl)CN3CCN(CC3)C4=CC(=C(C=C4)C(=O)NS(=O)(=O)C5=CC(=C(C=C5)NCC6CCOCC6)[N+](=O)[O-])OC7=CN=C8C(=C7)C=CN8)C,CN1C=NC2=C1C(=O)N(C(=O)N2C)C,BCL2_inhibitor,0.0,0,unseen
Venetoclax,Alcohol,CC1(CCC(=C(C1)C2=CC=C(C=C2)Cl)CN3CCN(CC3)C4=CC(=C(C=C4)C(=O)NS(=O)(=O)C5=CC(=C(C=C5)NCC6CCOCC6)[N+](=O)[O-])OC7=CN=C8C(=C7)C=CN8)C,CCO,BCL2_inhibitor,0.0,0,unseen
Venetoclax,St. John'S Wort,CC1(CCC(=C(C1)C2=CC=C(C=C2)Cl)CN3CCN(CC3)C4=CC(=C(C=C4)C(=O)NS(=O)(=O)C5=CC(=C(C=C5)NCC6CCOCC6)[N+](=O)[O-])OC7=CN=C8C(=C7)C=CN8)C,CC(C)C(=O)[C@]12C(=O)C(=C([C@](C1=O)(C[C@@H]([C@@]2(C)CCC=C(C)C)CC=C(C)C)CC=C(C)C)O)CC=C(C)C,BCL2_inhibitor,0.0,0,unseen
Venetoclax,Fat,CC1(CCC(=C(C1)C2=CC=C(C=C2)Cl)CN3CCN(CC3)C4=CC(=C(C=C4)C(=O)NS(=O)(=O)C5=CC(=C(C=C5)NCC6CCOCC6)[N+](=O)[O-])OC7=CN=C8C(=C7)C=CN8)C,CCCCCCCC/C=C\CCCCCCCC(=O)O,BCL2_inhibitor,48.7,2,unseen
Venetoclax,Dairy,CC1(CCC(=C(C1)C2=CC=C(C=C2)Cl)CN3CCN(CC3)C4=CC(=C(C=C4)C(=O)NS(=O)(=O)C5=CC(=C(C=C5)NCC6CCOCC6)[N+](=O)[O-])OC7=CN=C8C(=C7)C=CN8)C,[Ca],BCL2_inhibitor,0.0,0,unseen
Venetoclax,Garlic,CC1(CCC(=C(C1)C2=CC=C(C=C2)Cl)CN3CCN(CC3)C4=CC(=C(C=C4)C(=O)NS(=O)(=O)C5=CC(=C(C=C5)NCC6CCOCC6)[N+](=O)[O-])OC7=CN=C8C(=C7)C=CN8)C,C=CCSS(=O)CC=C,BCL2_inhibitor,0.0,0,unseen
Venetoclax,Green Tea,CC1(CCC(=C(C1)C2=CC=C(C=C2)Cl)CN3CCN(CC3)C4=CC(=C(C=C4)C(=O)NS(=O)(=O)C5=CC(=C(C=C5)NCC6CCOCC6)[N+](=O)[O-])OC7=CN=C8C(=C7)C=CN8)C,C1[C@H]([C@H](OC2=CC(=CC(=C21)O)O)C3=CC(=C(C(=C3)O)O)O)OC(=O)C4=CC(=C(C(=C4)O)O)O,BCL2_inhibitor,0.0,0,unseen
Venetoclax,Calcium,CC1(CCC(=C(C1)C2=CC=C(C=C2)Cl)CN3CCN(CC3)C4=CC(=C(C=C4)C(=O)NS(=O)(=O)C5=CC(=C(C=C5)NCC6CCOCC6)[N+](=O)[O-])OC7=CN=C8C(=C7)C=CN8)C,[Ca],BCL2_inhibitor,0.0,0,unseen
Venetoclax,Vitamin C,CC1(CCC(=C(C1)C2=CC=C(C=C2)Cl)CN3CCN(CC3)C4=CC(=C(C=C4)C(=O)NS(=O)(=O)C5=CC(=C(C=C5)NCC6CCOCC6)[N+](=O)[O-])OC7=CN=C8C(=C7)C=CN8)C,C([C@@H]([C@@H]1C(=C(C(=O)O1)O)O)O)O,BCL2_inhibitor,0.0,0,unseen
