drug_name,food_name,drug_smiles,food_smiles,risk_level,pct_change,drug_class,split
Carmustine,Hesperidin,C(CCl)NC(=O)N(CCCl)N=O,C[C@H]1[C@@H]([C@H]([C@H]([C@@H](O1)OC[C@@H]2[C@H]([C@@H]([C@H]([C@@H](O2)OC3=CC(=C4C(=O)C[C@H](OC4=C3)C5=CC(=C(C=C5)OC)O)O)O)O)O)O)O)O,0,0.0,alkylating_agent,train
Raloxifene,Rutin,C1CCN(CC1)CCOC2=CC=C(C=C2)C(=O)C3=C(SC4=C3C=CC(=C4)O)C5=CC=C(C=C5)O,C[C@H]1[C@@H]([C@H]([C@H]([C@@H](O1)OC[C@@H]2[C@H]([C@@H]([C@H]([C@@H](O2)OC3=C(OC4=CC(=CC(=C4C3=O)O)O)C5=CC(=C(C=C5)O)O)O)O)O)O)O)O,2,-32.5,SERM,train
Dasatinib,Myricetin,CC1=C(C(=CC=C1)Cl)NC(=O)C2=CN=C(S2)NC3=CC(=NC(=N3)C)N4CCN(CC4)CCO,C1=C(C=C(C(=C1O)O)O)C2=C(C(=O)C3=C(C=C(C=C3O2)O)O)O,0,0.0,BCR-ABL_inhibitor,train
Vandetanib,Epicatechin,CN1CCC(CC1)COC2=C(C=C3C(=C2)N=CN=C3NC4=C(C=C(C=C4)Br)F)OC,C1[C@H]([C@H](OC2=CC(=CC(=C21)O)O)C3=CC(=C(C=C3)O)O)O,1,4.3,EGFR_inhibitor,train
Nilotinib,EGCG,CC1=C(C=C(C=C1)C(=O)NC2=CC(=CC(=C2)C(F)(F)F)N3C=C(N=C3)C)NC4=NC=CC(=N4)C5=CN=CC=C5,C1[C@H]([C@H](OC2=CC(=CC(=C21)O)O)C3=CC(=C(C(=C3)O)O)O)OC(=O)C4=CC(=C(C(=C4)O)O)O,0,0.0,BCR-ABL_inhibitor,train
Ponatinib,Catechin,CC1=C(C=C(C=C1)C(=O)NC2=CC(=C(C=C2)CN3CCN(CC3)C)C(F)(F)F)C#CC4=CN=C5N4N=CC=C5,C1[C@@H]([C@H](OC2=CC(=CC(=C21)O)O)C3=CC(=C(C=C3)O)O)O,1,-4.8,BCR-ABL_inhibitor,train
Chlorambucil,Sulforaphane,C1=CC(=CC=C1CCCC(=O)O)N(CCCl)CCCl,CS(=O)CCCCN=C=S,1,-10.1,alkylating_agent,train
Capecitabine,Sulforaphane,CCCCCOC(=O)NC1=NC(=O)N(C=C1F)[C@H]2[C@@H]([C@@H]([C@H](O2)C)O)O,CS(=O)CCCCN=C=S,1,8.7,antimetabolite,unseen
Obatoclax,Genistein,CC1=CC(=C(N1)/C=C\2/C(=C/C(=C/3\C=C4C=CC=CC4=N3)/N2)OC)C,C1=CC(=CC=C1C2=COC3=CC(=CC(=C3C2=O)O)O)O,1,9.5,BCL2_inhibitor,train
Raloxifene,Epicatechin,C1CCN(CC1)CCOC2=CC=C(C=C2)C(=O)C3=C(SC4=C3C=CC(=C4)O)C5=CC=C(C=C5)O,C1[C@H]([C@H](OC2=CC(=CC(=C21)O)O)C3=CC(=C(C=C3)O)O)O,1,0.8,SERM,train
Imatinib,Catechin,CC1=C(C=C(C=C1)NC(=O)C2=CC=C(C=C2)CN3CCN(CC3)C)NC4=NC=CC(=N4)C5=CN=CC=C5,C1[C@@H]([C@H](OC2=CC(=CC(=C21)O)O)C3=CC(=C(C=C3)O)O)O,1,3.4,BCR-ABL_inhibitor,train
Gefitinib,Myricetin,COC1=C(C=C2C(=C1)N=CN=C2NC3=CC(=C(C=C3)F)Cl)OCCCN4CCOCC4,C1=C(C=C(C(=C1O)O)O)C2=C(C(=O)C3=C(C=C(C=C3O2)O)O)O,1,7.4,EGFR_inhibitor,unseen
Methotrexate,Theobromine,CN(CC1=CN=C2C(=N1)C(=NC(=N2)N)N)C3=CC=C(C=C3)C(=O)N[C@@H](CCC(=O)O)C(=O)O,CN1C=NC2=C1C(=O)NC(=O)N2C,1,5.4,antimetabolite,train
Mercaptopurine,Genistein,C1=NC2=C(N1)C(=S)N=CN2,C1=CC(=CC=C1C2=COC3=CC(=CC(=C3C2=O)O)O)O,1,11.8,antimetabolite,train
Sunitinib,Curcumin,CCN(CC)CCNC(=O)C1=C(NC(=C1C)/C=C\2/C3=C(C=CC(=C3)F)NC2=O)C,COC1=C(C=CC(=C1)/C=C/C(=O)CC(=O)/C=C/C2=CC(=C(C=C2)O)OC)O,1,2.9,multikinase_inhibitor,train
Sorafenib,Luteolin,CNC(=O)C1=NC=CC(=C1)OC2=CC=C(C=C2)NC(=O)NC3=CC(=C(C=C3)Cl)C(F)(F)F,C1=CC(=C(C=C1C2=CC(=O)C3=C(C=C(C=C3O2)O)O)O)O,2,-35.6,multikinase_inhibitor,unseen
Tamoxifen,Theobromine,CC/C(=C(\C1=CC=CC=C1)/C2=CC=C(C=C2)OCCN(C)C)/C3=CC=CC=C3,CN1C=NC2=C1C(=O)NC(=O)N2C,1,-2.4,SERM,train
Mercaptopurine,Quercetin,C1=NC2=C(N1)C(=S)N=CN2,C1=CC(=C(C=C1C2=C(C(=O)C3=C(C=C(C=C3O2)O)O)O)O)O,0,0.0,antimetabolite,train
Sorafenib,Piperine,CNC(=O)C1=NC=CC(=C1)OC2=CC=C(C=C2)NC(=O)NC3=CC(=C(C=C3)Cl)C(F)(F)F,C1CCN(CC1)C(=O)/C=C/C=C/C2=CC3=C(C=C2)OCO3,2,40.8,multikinase_inhibitor,train
Raloxifene,Piperine,C1CCN(CC1)CCOC2=CC=C(C=C2)C(=O)C3=C(SC4=C3C=CC(=C4)O)C5=CC=C(C=C5)O,C1CCN(CC1)C(=O)/C=C/C=C/C2=CC3=C(C=C2)OCO3,1,-5.3,SERM,train
Carmustine,Naringenin,C(CCl)NC(=O)N(CCCl)N=O,C1[C@H](OC2=CC(=CC(=C2C1=O)O)O)C3=CC=C(C=C3)O,1,-1.2,alkylating_agent,train
Bazedoxifene,Caffeine,CC1=C(N(C2=C1C=C(C=C2)O)CC3=CC=C(C=C3)OCCN4CCCCCC4)C5=CC=C(C=C5)O,CN1C=NC2=C1C(=O)N(C(=O)N2C)C,1,6.1,SERM,train
Busulfan,Myricetin,CS(=O)(=O)OCCCCOS(=O)(=O)C,C1=C(C=C(C(=C1O)O)O)C2=C(C(=O)C3=C(C=C(C=C3O2)O)O)O,1,-9.2,alkylating_agent,unseen
Palbociclib,Folate,CC1=C(C(=O)N(C2=NC(=NC=C12)NC3=NC=C(C=C3)N4CCNCC4)C5CCCC5)C(=O)C,C1=CC(=CC=C1C(=O)N[C@H](CCC(=O)O)C(=O)O)NCC2=CN=C3C(=N2)C(=O)NC(=N3)N,0,0.0,CDK4_inhibitor,train
Chlorambucil,Luteolin,C1=CC(=CC=C1CCCC(=O)O)N(CCCl)CCCl,C1=CC(=C(C=C1C2=CC(=O)C3=C(C=C(C=C3O2)O)O)O)O,1,7.1,alkylating_agent,train
Mercaptopurine,Theophylline,C1=NC2=C(N1)C(=S)N=CN2,CN1C2=C(C(=O)N(C1=O)C)NC=N2,1,4.8,antimetabolite,unseen
Imatinib,Folate,CC1=C(C=C(C=C1)NC(=O)C2=CC=C(C=C2)CN3CCN(CC3)C)NC4=NC=CC(=N4)C5=CN=CC=C5,C1=CC(=CC=C1C(=O)N[C@H](CCC(=O)O)C(=O)O)NCC2=CN=C3C(=N2)C(=O)NC(=N3)N,1,-6.3,BCR-ABL_inhibitor,unseen
Ifosfamide,Theobromine,C1CN(P(=O)(OC1)NCCCl)CCCl,CN1C=NC2=C1C(=O)NC(=O)N2C,1,-2.6,alkylating_agent,train
Dasatinib,Quercetin,CC1=C(C(=CC=C1)Cl)NC(=O)C2=CN=C(S2)NC3=CC(=NC(=N3)C)N4CCN(CC4)CCO,C1=CC(=C(C=C1C2=C(C(=O)C3=C(C=C(C=C3O2)O)O)O)O)O,2,-34.7,BCR-ABL_inhibitor,train
Nilotinib,Hesperidin,CC1=C(C=C(C=C1)C(=O)NC2=CC(=CC(=C2)C(F)(F)F)N3C=C(N=C3)C)NC4=NC=CC(=N4)C5=CN=CC=C5,C[C@H]1[C@@H]([C@H]([C@H]([C@@H](O1)OC[C@@H]2[C@H]([C@@H]([C@H]([C@@H](O2)OC3=CC(=C4C(=O)C[C@H](OC4=C3)C5=CC(=C(C=C5)OC)O)O)O)O)O)O)O)O,1,6.3,BCR-ABL_inhibitor,train
Raloxifene,Hesperidin,C1CCN(CC1)CCOC2=CC=C(C=C2)C(=O)C3=C(SC4=C3C=CC(=C4)O)C5=CC=C(C=C5)O,C[C@H]1[C@@H]([C@H]([C@H]([C@@H](O1)OC[C@@H]2[C@H]([C@@H]([C@H]([C@@H](O2)OC3=CC(=C4C(=O)C[C@H](OC4=C3)C5=CC(=C(C=C5)OC)O)O)O)O)O)O)O)O,0,0.0,SERM,train
Ifosfamide,Catechin,C1CN(P(=O)(OC1)NCCCl)CCCl,C1[C@@H]([C@H](OC2=CC(=CC(=C21)O)O)C3=CC(=C(C=C3)O)O)O,0,0.0,alkylating_agent,train
Cabozantinib,Naringenin,COC1=CC2=C(C=CN=C2C=C1OC)OC3=CC=C(C=C3)NC(=O)C4(CC4)C(=O)NC5=CC=C(C=C5)F,C1[C@H](OC2=CC(=CC(=C2C1=O)O)O)C3=CC=C(C=C3)O,2,44.7,multikinase_inhibitor,train
Erlotinib,Curcumin,COCCOC1=C(C=C2C(=C1)C(=NC=N2)NC3=CC=CC(=C3)C#C)OCCOC,COC1=C(C=CC(=C1)/C=C/C(=O)CC(=O)/C=C/C2=CC(=C(C=C2)O)OC)O,0,0.0,EGFR_inhibitor,train
Mercaptopurine,EGCG,C1=NC2=C(N1)C(=S)N=CN2,C1[C@H]([C@H](OC2=CC(=CC(=C21)O)O)C3=CC(=C(C(=C3)O)O)O)OC(=O)C4=CC(=C(C(=C4)O)O)O,0,0.0,antimetabolite,train
Ponatinib,Curcumin,CC1=C(C=C(C=C1)C(=O)NC2=CC(=C(C=C2)CN3CCN(CC3)C)C(F)(F)F)C#CC4=CN=C5N4N=CC=C5,COC1=C(C=CC(=C1)/C=C/C(=O)CC(=O)/C=C/C2=CC(=C(C=C2)O)OC)O,1,-0.1,BCR-ABL_inhibitor,unseen
Melphalan,Myricetin,C1=CC(=CC=C1C[C@@H](C(=O)O)N)N(CCCl)CCCl,C1=C(C=C(C(=C1O)O)O)C2=C(C(=O)C3=C(C=C(C=C3O2)O)O)O,1,1.5,alkylating_agent,train
Cytarabine,Curcumin,C1=CN(C(=O)N=C1N)[C@H]2[C@H]([C@@H]([C@H](O2)CO)O)O,COC1=C(C=CC(=C1)/C=C/C(=O)CC(=O)/C=C/C2=CC(=C(C=C2)O)OC)O,1,-7.6,antimetabolite,train
Cabozantinib,Catechin,COC1=CC2=C(C=CN=C2C=C1OC)OC3=CC=C(C=C3)NC(=O)C4(CC4)C(=O)NC5=CC=C(C=C5)F,C1[C@@H]([C@H](OC2=CC(=CC(=C21)O)O)C3=CC(=C(C=C3)O)O)O,1,-4.8,multikinase_inhibitor,train
Nilotinib,Theophylline,CC1=C(C=C(C=C1)C(=O)NC2=CC(=CC(=C2)C(F)(F)F)N3C=C(N=C3)C)NC4=NC=CC(=N4)C5=CN=CC=C5,CN1C2=C(C(=O)N(C1=O)C)NC=N2,1,-9.2,BCR-ABL_inhibitor,train
Bazedoxifene,Allicin,CC1=C(N(C2=C1C=C(C=C2)O)CC3=CC=C(C=C3)OCCN4CCCCCC4)C5=CC=C(C=C5)O,C=CCSS(=O)CC=C,1,11.1,SERM,train
Erlotinib,Catechin,COCCOC1=C(C=C2C(=C1)C(=NC=N2)NC3=CC=CC(=C3)C#C)OCCOC,C1[C@@H]([C@H](OC2=CC(=CC(=C21)O)O)C3=CC(=C(C=C3)O)O)O,1,-13.5,EGFR_inhibitor,train
Dasatinib,Apigenin,CC1=C(C(=CC=C1)Cl)NC(=O)C2=CN=C(S2)NC3=CC(=NC(=N3)C)N4CCN(CC4)CCO,C1=CC(=CC=C1C2=CC(=O)C3=C(C=C(C=C3O2)O)O)O,1,1.4,BCR-ABL_inhibitor,train
Palbociclib,Epicatechin,CC1=C(C(=O)N(C2=NC(=NC=C12)NC3=NC=C(C=C3)N4CCNCC4)C5CCCC5)C(=O)C,C1[C@H]([C@H](OC2=CC(=CC(=C21)O)O)C3=CC(=C(C=C3)O)O)O,0,0.0,CDK4_inhibitor,train
Melphalan,Quercetin,C1=CC(=CC=C1C[C@@H](C(=O)O)N)N(CCCl)CCCl,C1=CC(=C(C=C1C2=C(C(=O)C3=C(C=C(C=C3O2)O)O)O)O)O,1,4.8,alkylating_agent,train
Bosutinib,Theobromine,CN1CCN(CC1)CCCOC2=C(C=C3C(=C2)N=CC(=C3NC4=CC(=C(C=C4Cl)Cl)OC)C#N)OC,CN1C=NC2=C1C(=O)NC(=O)N2C,2,70.7,BCR-ABL_inhibitor,unseen
Fluorouracil,Luteolin,C1=C(C(=O)NC(=O)N1)F,C1=CC(=C(C=C1C2=CC(=O)C3=C(C=C(C=C3O2)O)O)O)O,1,14.7,antimetabolite,train
Methotrexate,Epicatechin,CN(CC1=CN=C2C(=N1)C(=NC(=N2)N)N)C3=CC=C(C=C3)C(=O)N[C@@H](CCC(=O)O)C(=O)O,C1[C@H]([C@H](OC2=CC(=CC(=C21)O)O)C3=CC(=C(C=C3)O)O)O,0,0.0,antimetabolite,train
Imatinib,Genistein,CC1=C(C=C(C=C1)NC(=O)C2=CC=C(C=C2)CN3CCN(CC3)C)NC4=NC=CC(=N4)C5=CN=CC=C5,C1=CC(=CC=C1C2=COC3=CC(=CC(=C3C2=O)O)O)O,1,17.1,BCR-ABL_inhibitor,train
Melphalan,Apigenin,C1=CC(=CC=C1C[C@@H](C(=O)O)N)N(CCCl)CCCl,C1=CC(=CC=C1C2=CC(=O)C3=C(C=C(C=C3O2)O)O)O,0,0.0,alkylating_agent,unseen
Chlorambucil,Naringenin,C1=CC(=CC=C1CCCC(=O)O)N(CCCl)CCCl,C1[C@H](OC2=CC(=CC(=C2C1=O)O)O)C3=CC=C(C=C3)O,0,0.0,alkylating_agent,train
Regorafenib,Myricetin,CNC(=O)C1=NC=CC(=C1)OC2=CC(=C(C=C2)NC(=O)NC3=CC(=C(C=C3)Cl)C(F)(F)F)F,C1=C(C=C(C(=C1O)O)O)C2=C(C(=O)C3=C(C=C(C=C3O2)O)O)O,1,6.0,multikinase_inhibitor,unseen
Afatinib,Folate,CN(C)C/C=C/C(=O)NC1=C(C=C2C(=C1)C(=NC=N2)NC3=CC(=C(C=C3)F)Cl)O[C@H]4CCOC4,C1=CC(=CC=C1C(=O)N[C@H](CCC(=O)O)C(=O)O)NCC2=CN=C3C(=N2)C(=O)NC(=N3)N,0,0.0,EGFR_inhibitor,train
Bazedoxifene,Lycopene,CC1=C(N(C2=C1C=C(C=C2)O)CC3=CC=C(C=C3)OCCN4CCCCCC4)C5=CC=C(C=C5)O,CC(=CCC/C(=C/C=C/C(=C/C=C/C(=C/C=C/C=C(/C=C/C=C(/C=C/C=C(/CCC=C(C)C)\C)\C)\C)/C)/C)/C)C,0,0.0,SERM,train
Erlotinib,Resveratrol,COCCOC1=C(C=C2C(=C1)C(=NC=N2)NC3=CC=CC(=C3)C#C)OCCOC,C1=CC(=CC=C1/C=C/C2=CC(=CC(=C2)O)O)O,1,-8.3,EGFR_inhibitor,train
Toremifene,Rutin,CN(C)CCOC1=CC=C(C=C1)/C(=C(/CCCl)\C2=CC=CC=C2)/C3=CC=CC=C3,C[C@H]1[C@@H]([C@H]([C@H]([C@@H](O1)OC[C@@H]2[C@H]([C@@H]([C@H]([C@@H](O2)OC3=C(OC4=CC(=CC(=C4C3=O)O)O)C5=CC(=C(C=C5)O)O)O)O)O)O)O)O,2,-33.6,SERM,train
Raloxifene,Curcumin,C1CCN(CC1)CCOC2=CC=C(C=C2)C(=O)C3=C(SC4=C3C=CC(=C4)O)C5=CC=C(C=C5)O,COC1=C(C=CC(=C1)/C=C/C(=O)CC(=O)/C=C/C2=CC(=C(C=C2)O)OC)O,1,-0.2,SERM,train
Raloxifene,Apigenin,C1CCN(CC1)CCOC2=CC=C(C=C2)C(=O)C3=C(SC4=C3C=CC(=C4)O)C5=CC=C(C=C5)O,C1=CC(=CC=C1C2=CC(=O)C3=C(C=C(C=C3O2)O)O)O,1,0.9,SERM,unseen
Sorafenib,Apigenin,CNC(=O)C1=NC=CC(=C1)OC2=CC=C(C=C2)NC(=O)NC3=CC(=C(C=C3)Cl)C(F)(F)F,C1=CC(=CC=C1C2=CC(=O)C3=C(C=C(C=C3O2)O)O)O,1,-3.3,multikinase_inhibitor,train
Toremifene,Kaempferol,CN(C)CCOC1=CC=C(C=C1)/C(=C(/CCCl)\C2=CC=CC=C2)/C3=CC=CC=C3,C1=CC(=CC=C1C2=C(C(=O)C3=C(C=C(C=C3O2)O)O)O)O,1,2.1,SERM,train
Regorafenib,Rutin,CNC(=O)C1=NC=CC(=C1)OC2=CC(=C(C=C2)NC(=O)NC3=CC(=C(C=C3)Cl)C(F)(F)F)F,C[C@H]1[C@@H]([C@H]([C@H]([C@@H](O1)OC[C@@H]2[C@H]([C@@H]([C@H]([C@@H](O2)OC3=C(OC4=CC(=CC(=C4C3=O)O)O)C5=CC(=C(C=C5)O)O)O)O)O)O)O)O,0,0.0,multikinase_inhibitor,train
Obatoclax,Resveratrol,CC1=CC(=C(N1)/C=C\2/C(=C/C(=C/3\C=C4C=CC=CC4=N3)/N2)OC)C,C1=CC(=CC=C1/C=C/C2=CC(=CC(=C2)O)O)O,1,14.5,BCL2_inhibitor,train
Osimertinib,Sulforaphane,CN1C=C(C2=CC=CC=C21)C3=NC(=NC=C3)NC4=C(C=C(C(=C4)NC(=O)C=C)N(C)CCN(C)C)OC,CS(=O)CCCCN=C=S,2,-54.3,EGFR_inhibitor,unseen
Lenvatinib,Theobromine,COC1=CC2=NC=CC(=C2C=C1C(=O)N)OC3=CC(=C(C=C3)NC(=O)NC4CC4)Cl,CN1C=NC2=C1C(=O)NC(=O)N2C,2,65.1,multikinase_inhibitor,train
Cytarabine,Luteolin,C1=CN(C(=O)N=C1N)[C@H]2[C@H]([C@@H]([C@H](O2)CO)O)O,C1=CC(=C(C=C1C2=CC(=O)C3=C(C=C(C=C3O2)O)O)O)O,1,2.5,antimetabolite,unseen
Toremifene,Myricetin,CN(C)CCOC1=CC=C(C=C1)/C(=C(/CCCl)\C2=CC=CC=C2)/C3=CC=CC=C3,C1=C(C=C(C(=C1O)O)O)C2=C(C(=O)C3=C(C=C(C=C3O2)O)O)O,1,-6.6,SERM,train
Navitoclax,Catechin,CC1(CCC(=C(C1)CN2CCN(CC2)C3=CC=C(C=C3)C(=O)NS(=O)(=O)C4=CC(=C(C=C4)N[C@H](CCN5CCOCC5)CSC6=CC=CC=C6)S(=O)(=O)C(F)(F)F)C7=CC=C(C=C7)Cl)C,C1[C@@H]([C@H](OC2=CC(=CC(=C21)O)O)C3=CC(=C(C=C3)O)O)O,1,0.1,BCL2_inhibitor,train
Ospemifene,Kaempferol,C1=CC=C(C=C1)/C(=C(/C2=CC=CC=C2)\C3=CC=C(C=C3)OCCO)/CCCl,C1=CC(=CC=C1C2=C(C(=O)C3=C(C=C(C=C3O2)O)O)O)O,1,13.8,SERM,train
Imatinib,Sulforaphane,CC1=C(C=C(C=C1)NC(=O)C2=CC=C(C=C2)CN3CCN(CC3)C)NC4=NC=CC(=N4)C5=CN=CC=C5,CS(=O)CCCCN=C=S,0,0.0,BCR-ABL_inhibitor,train
Imatinib,Rutin,CC1=C(C=C(C=C1)NC(=O)C2=CC=C(C=C2)CN3CCN(CC3)C)NC4=NC=CC(=N4)C5=CN=CC=C5,C[C@H]1[C@@H]([C@H]([C@H]([C@@H](O1)OC[C@@H]2[C@H]([C@@H]([C@H]([C@@H](O2)OC3=C(OC4=CC(=CC(=C4C3=O)O)O)C5=CC(=C(C=C5)O)O)O)O)O)O)O)O,0,0.0,BCR-ABL_inhibitor,unseen
Lenvatinib,EGCG,COC1=CC2=NC=CC(=C2C=C1C(=O)N)OC3=CC(=C(C=C3)NC(=O)NC4CC4)Cl,C1[C@H]([C@H](OC2=CC(=CC(=C21)O)O)C3=CC(=C(C(=C3)O)O)O)OC(=O)C4=CC(=C(C(=C4)O)O)O,2,-36.8,multikinase_inhibitor,train
Sunitinib,Piperine,CCN(CC)CCNC(=O)C1=C(NC(=C1C)/C=C\2/C3=C(C=CC(=C3)F)NC2=O)C,C1CCN(CC1)C(=O)/C=C/C=C/C2=CC3=C(C=C2)OCO3,2,35.3,multikinase_inhibitor,train
Imatinib,Allicin,CC1=C(C=C(C=C1)NC(=O)C2=CC=C(C=C2)CN3CCN(CC3)C)NC4=NC=CC(=N4)C5=CN=CC=C5,C=CCSS(=O)CC=C,2,30.9,BCR-ABL_inhibitor,train
Cyclophosphamide,Caffeine,C1CNP(=O)(OC1)N(CCCl)CCCl,CN1C=NC2=C1C(=O)N(C(=O)N2C)C,1,9.7,alkylating_agent,train
Bosutinib,Naringenin,CN1CCN(CC1)CCCOC2=C(C=C3C(=C2)N=CC(=C3NC4=CC(=C(C=C4Cl)Cl)OC)C#N)OC,C1[C@H](OC2=CC(=CC(=C2C1=O)O)O)C3=CC=C(C=C3)O,2,62.3,BCR-ABL_inhibitor,train
Lapatinib,Luteolin,CS(=O)(=O)CCNCC1=CC=C(O1)C2=CC3=C(C=C2)N=CN=C3NC4=CC(=C(C=C4)OCC5=CC(=CC=C5)F)Cl,C1=CC(=C(C=C1C2=CC(=O)C3=C(C=C(C=C3O2)O)O)O)O,2,-59.1,EGFR_inhibitor,train
Ponatinib,Theophylline,CC1=C(C=C(C=C1)C(=O)NC2=CC(=C(C=C2)CN3CCN(CC3)C)C(F)(F)F)C#CC4=CN=C5N4N=CC=C5,CN1C2=C(C(=O)N(C1=O)C)NC=N2,1,16.3,BCR-ABL_inhibitor,train
Gemcitabine,Curcumin,C1=CN(C(=O)N=C1N)[C@H]2C([C@@H]([C@H](O2)CO)O)(F)F,COC1=C(C=CC(=C1)/C=C/C(=O)CC(=O)/C=C/C2=CC(=C(C=C2)O)OC)O,1,3.7,antimetabolite,train
Obatoclax,EGCG,CC1=CC(=C(N1)/C=C\2/C(=C/C(=C/3\C=C4C=CC=CC4=N3)/N2)OC)C,C1[C@H]([C@H](OC2=CC(=CC(=C21)O)O)C3=CC(=C(C(=C3)O)O)O)OC(=O)C4=CC(=C(C(=C4)O)O)O,2,-36.8,BCL2_inhibitor,train
Radotinib,Quercetin,CC1=C(C=C(C=C1)C(=O)NC2=CC(=CC(=C2)C(F)(F)F)N3C=C(N=C3)C)NC4=NC=CC(=N4)C5=NC=CN=C5,C1=CC(=C(C=C1C2=C(C(=O)C3=C(C=C(C=C3O2)O)O)O)O)O,0,0.0,BCR-ABL_inhibitor,train
Ospemifene,Piperine,C1=CC=C(C=C1)/C(=C(/C2=CC=CC=C2)\C3=CC=C(C=C3)OCCO)/CCCl,C1CCN(CC1)C(=O)/C=C/C=C/C2=CC3=C(C=C2)OCO3,0,0.0,SERM,train
Chlorambucil,Quercetin,C1=CC(=CC=C1CCCC(=O)O)N(CCCl)CCCl,C1=CC(=C(C=C1C2=C(C(=O)C3=C(C=C(C=C3O2)O)O)O)O)O,0,0.0,alkylating_agent,train
Raloxifene,Naringenin,C1CCN(CC1)CCOC2=CC=C(C=C2)C(=O)C3=C(SC4=C3C=CC(=C4)O)C5=CC=C(C=C5)O,C1[C@H](OC2=CC(=CC(=C2C1=O)O)O)C3=CC=C(C=C3)O,1,-18.4,SERM,train
Busulfan,Curcumin,CS(=O)(=O)OCCCCOS(=O)(=O)C,COC1=C(C=CC(=C1)/C=C/C(=O)CC(=O)/C=C/C2=CC(=C(C=C2)O)OC)O,0,0.0,alkylating_agent,train
Methotrexate,Lycopene,CN(CC1=CN=C2C(=N1)C(=NC(=N2)N)N)C3=CC=C(C=C3)C(=O)N[C@@H](CCC(=O)O)C(=O)O,CC(=CCC/C(=C/C=C/C(=C/C=C/C(=C/C=C/C=C(/C=C/C=C(/C=C/C=C(/CCC=C(C)C)\C)\C)\C)/C)/C)/C)C,0,0.0,antimetabolite,train
Toremifene,Allicin,CN(C)CCOC1=CC=C(C=C1)/C(=C(/CCCl)\C2=CC=CC=C2)/C3=CC=CC=C3,C=CCSS(=O)CC=C,1,1.8,SERM,train
Afatinib,Curcumin,CN(C)C/C=C/C(=O)NC1=C(C=C2C(=C1)C(=NC=N2)NC3=CC(=C(C=C3)F)Cl)O[C@H]4CCOC4,COC1=C(C=CC(=C1)/C=C/C(=O)CC(=O)/C=C/C2=CC(=C(C=C2)O)OC)O,1,-2.4,EGFR_inhibitor,train
Gefitinib,Theophylline,COC1=C(C=C2C(=C1)N=CN=C2NC3=CC(=C(C=C3)F)Cl)OCCCN4CCOCC4,CN1C2=C(C(=O)N(C1=O)C)NC=N2,1,17.4,EGFR_inhibitor,train
Melphalan,Caffeine,C1=CC(=CC=C1C[C@@H](C(=O)O)N)N(CCCl)CCCl,CN1C=NC2=C1C(=O)N(C(=O)N2C)C,0,0.0,alkylating_agent,train
Radotinib,EGCG,CC1=C(C=C(C=C1)C(=O)NC2=CC(=CC(=C2)C(F)(F)F)N3C=C(N=C3)C)NC4=NC=CC(=N4)C5=NC=CN=C5,C1[C@H]([C@H](OC2=CC(=CC(=C21)O)O)C3=CC(=C(C(=C3)O)O)O)OC(=O)C4=CC(=C(C(=C4)O)O)O,0,0.0,BCR-ABL_inhibitor,train
Radotinib,Apigenin,CC1=C(C=C(C=C1)C(=O)NC2=CC(=CC(=C2)C(F)(F)F)N3C=C(N=C3)C)NC4=NC=CC(=N4)C5=NC=CN=C5,C1=CC(=CC=C1C2=CC(=O)C3=C(C=C(C=C3O2)O)O)O,0,0.0,BCR-ABL_inhibitor,train
Cytarabine,Theophylline,C1=CN(C(=O)N=C1N)[C@H]2[C@H]([C@@H]([C@H](O2)CO)O)O,CN1C2=C(C(=O)N(C1=O)C)NC=N2,1,1.4,antimetabolite,train
Fluorouracil,Myricetin,C1=C(C(=O)NC(=O)N1)F,C1=C(C=C(C(=C1O)O)O)C2=C(C(=O)C3=C(C=C(C=C3O2)O)O)O,1,7.3,antimetabolite,train
Bazedoxifene,Kaempferol,CC1=C(N(C2=C1C=C(C=C2)O)CC3=CC=C(C=C3)OCCN4CCCCCC4)C5=CC=C(C=C5)O,C1=CC(=CC=C1C2=C(C(=O)C3=C(C=C(C=C3O2)O)O)O)O,1,20.9,SERM,train
Navitoclax,Allicin,CC1(CCC(=C(C1)CN2CCN(CC2)C3=CC=C(C=C3)C(=O)NS(=O)(=O)C4=CC(=C(C=C4)N[C@H](CCN5CCOCC5)CSC6=CC=CC=C6)S(=O)(=O)C(F)(F)F)C7=CC=C(C=C7)Cl)C,C=CCSS(=O)CC=C,0,0.0,BCL2_inhibitor,train
Afatinib,EGCG,CN(C)C/C=C/C(=O)NC1=C(C=C2C(=C1)C(=NC=N2)NC3=CC(=C(C=C3)F)Cl)O[C@H]4CCOC4,C1[C@H]([C@H](OC2=CC(=CC(=C21)O)O)C3=CC(=C(C(=C3)O)O)O)OC(=O)C4=CC(=C(C(=C4)O)O)O,2,-27.0,EGFR_inhibitor,train
Fluorouracil,Allicin,C1=C(C(=O)NC(=O)N1)F,C=CCSS(=O)CC=C,1,3.6,antimetabolite,unseen
Lapatinib,Piperine,CS(=O)(=O)CCNCC1=CC=C(O1)C2=CC3=C(C=C2)N=CN=C3NC4=CC(=C(C=C4)OCC5=CC(=CC=C5)F)Cl,C1CCN(CC1)C(=O)/C=C/C=C/C2=CC3=C(C=C2)OCO3,2,40.7,EGFR_inhibitor,unseen
Fluorouracil,Curcumin,C1=C(C(=O)NC(=O)N1)F,COC1=C(C=CC(=C1)/C=C/C(=O)CC(=O)/C=C/C2=CC(=C(C=C2)O)OC)O,0,0.0,antimetabolite,train
Sunitinib,Epicatechin,CCN(CC)CCNC(=O)C1=C(NC(=C1C)/C=C\2/C3=C(C=CC(=C3)F)NC2=O)C,C1[C@H]([C@H](OC2=CC(=CC(=C21)O)O)C3=CC(=C(C=C3)O)O)O,1,-2.2,multikinase_inhibitor,train
Gefitinib,Theobromine,COC1=C(C=C2C(=C1)N=CN=C2NC3=CC(=C(C=C3)F)Cl)OCCCN4CCOCC4,CN1C=NC2=C1C(=O)NC(=O)N2C,2,59.3,EGFR_inhibitor,train
Mercaptopurine,Apigenin,C1=NC2=C(N1)C(=S)N=CN2,C1=CC(=CC=C1C2=CC(=O)C3=C(C=C(C=C3O2)O)O)O,1,16.0,antimetabolite,train
Carmustine,Luteolin,C(CCl)NC(=O)N(CCCl)N=O,C1=CC(=C(C=C1C2=CC(=O)C3=C(C=C(C=C3O2)O)O)O)O,1,-14.9,alkylating_agent,train
Chlorambucil,Resveratrol,C1=CC(=CC=C1CCCC(=O)O)N(CCCl)CCCl,C1=CC(=CC=C1/C=C/C2=CC(=CC(=C2)O)O)O,1,-7.4,alkylating_agent,train
Navitoclax,Folate,CC1(CCC(=C(C1)CN2CCN(CC2)C3=CC=C(C=C3)C(=O)NS(=O)(=O)C4=CC(=C(C=C4)N[C@H](CCN5CCOCC5)CSC6=CC=CC=C6)S(=O)(=O)C(F)(F)F)C7=CC=C(C=C7)Cl)C,C1=CC(=CC=C1C(=O)N[C@H](CCC(=O)O)C(=O)O)NCC2=CN=C3C(=N2)C(=O)NC(=N3)N,0,0.0,BCL2_inhibitor,train
Ponatinib,EGCG,CC1=C(C=C(C=C1)C(=O)NC2=CC(=C(C=C2)CN3CCN(CC3)C)C(F)(F)F)C#CC4=CN=C5N4N=CC=C5,C1[C@H]([C@H](OC2=CC(=CC(=C21)O)O)C3=CC(=C(C(=C3)O)O)O)OC(=O)C4=CC(=C(C(=C4)O)O)O,2,-55.9,BCR-ABL_inhibitor,train
Imatinib,Kaempferol,CC1=C(C=C(C=C1)NC(=O)C2=CC=C(C=C2)CN3CCN(CC3)C)NC4=NC=CC(=N4)C5=CN=CC=C5,C1=CC(=CC=C1C2=C(C(=O)C3=C(C=C(C=C3O2)O)O)O)O,1,-4.0,BCR-ABL_inhibitor,train
Ifosfamide,Hesperidin,C1CN(P(=O)(OC1)NCCCl)CCCl,C[C@H]1[C@@H]([C@H]([C@H]([C@@H](O1)OC[C@@H]2[C@H]([C@@H]([C@H]([C@@H](O2)OC3=CC(=C4C(=O)C[C@H](OC4=C3)C5=CC(=C(C=C5)OC)O)O)O)O)O)O)O)O,1,-3.4,alkylating_agent,unseen
Dasatinib,Theobromine,CC1=C(C(=CC=C1)Cl)NC(=O)C2=CN=C(S2)NC3=CC(=NC(=N3)C)N4CCN(CC4)CCO,CN1C=NC2=C1C(=O)NC(=O)N2C,0,0.0,BCR-ABL_inhibitor,train
Raloxifene,Catechin,C1CCN(CC1)CCOC2=CC=C(C=C2)C(=O)C3=C(SC4=C3C=CC(=C4)O)C5=CC=C(C=C5)O,C1[C@@H]([C@H](OC2=CC(=CC(=C21)O)O)C3=CC(=C(C=C3)O)O)O,1,-6.5,SERM,train
Raloxifene,Quercetin,C1CCN(CC1)CCOC2=CC=C(C=C2)C(=O)C3=C(SC4=C3C=CC(=C4)O)C5=CC=C(C=C5)O,C1=CC(=C(C=C1C2=C(C(=O)C3=C(C=C(C=C3O2)O)O)O)O)O,1,8.6,SERM,train
Obatoclax,Allicin,CC1=CC(=C(N1)/C=C\2/C(=C/C(=C/3\C=C4C=CC=CC4=N3)/N2)OC)C,C=CCSS(=O)CC=C,1,19.8,BCL2_inhibitor,train
Fluorouracil,Apigenin,C1=C(C(=O)NC(=O)N1)F,C1=CC(=CC=C1C2=CC(=O)C3=C(C=C(C=C3O2)O)O)O,1,1.2,antimetabolite,train
Dasatinib,Kaempferol,CC1=C(C(=CC=C1)Cl)NC(=O)C2=CN=C(S2)NC3=CC(=NC(=N3)C)N4CCN(CC4)CCO,C1=CC(=CC=C1C2=C(C(=O)C3=C(C=C(C=C3O2)O)O)O)O,1,-8.9,BCR-ABL_inhibitor,train
Busulfan,Luteolin,CS(=O)(=O)OCCCCOS(=O)(=O)C,C1=CC(=C(C=C1C2=CC(=O)C3=C(C=C(C=C3O2)O)O)O)O,1,-2.7,alkylating_agent,unseen
Gemcitabine,Lycopene,C1=CN(C(=O)N=C1N)[C@H]2C([C@@H]([C@H](O2)CO)O)(F)F,CC(=CCC/C(=C/C=C/C(=C/C=C/C(=C/C=C/C=C(/C=C/C=C(/C=C/C=C(/CCC=C(C)C)\C)\C)\C)/C)/C)/C)C,1,-3.0,antimetabolite,train
Melphalan,Curcumin,C1=CC(=CC=C1C[C@@H](C(=O)O)N)N(CCCl)CCCl,COC1=C(C=CC(=C1)/C=C/C(=O)CC(=O)/C=C/C2=CC(=C(C=C2)O)OC)O,2,30.6,alkylating_agent,unseen
Gemcitabine,Myricetin,C1=CN(C(=O)N=C1N)[C@H]2C([C@@H]([C@H](O2)CO)O)(F)F,C1=C(C=C(C(=C1O)O)O)C2=C(C(=O)C3=C(C=C(C=C3O2)O)O)O,1,7.8,antimetabolite,unseen
Melphalan,Kaempferol,C1=CC(=CC=C1C[C@@H](C(=O)O)N)N(CCCl)CCCl,C1=CC(=CC=C1C2=C(C(=O)C3=C(C=C(C=C3O2)O)O)O)O,1,-5.3,alkylating_agent,train
Erlotinib,Quercetin,COCCOC1=C(C=C2C(=C1)C(=NC=N2)NC3=CC=CC(=C3)C#C)OCCOC,C1=CC(=C(C=C1C2=C(C(=O)C3=C(C=C(C=C3O2)O)O)O)O)O,0,0.0,EGFR_inhibitor,train
Dasatinib,Curcumin,CC1=C(C(=CC=C1)Cl)NC(=O)C2=CN=C(S2)NC3=CC(=NC(=N3)C)N4CCN(CC4)CCO,COC1=C(C=CC(=C1)/C=C/C(=O)CC(=O)/C=C/C2=CC(=C(C=C2)O)OC)O,1,-1.5,BCR-ABL_inhibitor,train
Bosutinib,EGCG,CN1CCN(CC1)CCCOC2=C(C=C3C(=C2)N=CC(=C3NC4=CC(=C(C=C4Cl)Cl)OC)C#N)OC,C1[C@H]([C@H](OC2=CC(=CC(=C21)O)O)C3=CC(=C(C(=C3)O)O)O)OC(=O)C4=CC(=C(C(=C4)O)O)O,2,-28.7,BCR-ABL_inhibitor,unseen
Tamoxifen,Allicin,CC/C(=C(\C1=CC=CC=C1)/C2=CC=C(C=C2)OCCN(C)C)/C3=CC=CC=C3,C=CCSS(=O)CC=C,1,18.2,SERM,train
Toremifene,Theobromine,CN(C)CCOC1=CC=C(C=C1)/C(=C(/CCCl)\C2=CC=CC=C2)/C3=CC=CC=C3,CN1C=NC2=C1C(=O)NC(=O)N2C,0,0.0,SERM,train
Ponatinib,Epicatechin,CC1=C(C=C(C=C1)C(=O)NC2=CC(=C(C=C2)CN3CCN(CC3)C)C(F)(F)F)C#CC4=CN=C5N4N=CC=C5,C1[C@H]([C@H](OC2=CC(=CC(=C21)O)O)C3=CC(=C(C=C3)O)O)O,1,-10.3,BCR-ABL_inhibitor,train
Cabozantinib,Rutin,COC1=CC2=C(C=CN=C2C=C1OC)OC3=CC=C(C=C3)NC(=O)C4(CC4)C(=O)NC5=CC=C(C=C5)F,C[C@H]1[C@@H]([C@H]([C@H]([C@@H](O1)OC[C@@H]2[C@H]([C@@H]([C@H]([C@@H](O2)OC3=C(OC4=CC(=CC(=C4C3=O)O)O)C5=CC(=C(C=C5)O)O)O)O)O)O)O)O,1,0.8,multikinase_inhibitor,train
Cyclophosphamide,Allicin,C1CNP(=O)(OC1)N(CCCl)CCCl,C=CCSS(=O)CC=C,1,-0.6,alkylating_agent,train
Palbociclib,Rutin,CC1=C(C(=O)N(C2=NC(=NC=C12)NC3=NC=C(C=C3)N4CCNCC4)C5CCCC5)C(=O)C,C[C@H]1[C@@H]([C@H]([C@H]([C@@H](O1)OC[C@@H]2[C@H]([C@@H]([C@H]([C@@H](O2)OC3=C(OC4=CC(=CC(=C4C3=O)O)O)C5=CC(=C(C=C5)O)O)O)O)O)O)O)O,1,-20.6,CDK4_inhibitor,train
Ospemifene,Theophylline,C1=CC=C(C=C1)/C(=C(/C2=CC=CC=C2)\C3=CC=C(C=C3)OCCO)/CCCl,CN1C2=C(C(=O)N(C1=O)C)NC=N2,1,5.7,SERM,train
Lenvatinib,Epicatechin,COC1=CC2=NC=CC(=C2C=C1C(=O)N)OC3=CC(=C(C=C3)NC(=O)NC4CC4)Cl,C1[C@H]([C@H](OC2=CC(=CC(=C21)O)O)C3=CC(=C(C=C3)O)O)O,1,-10.7,multikinase_inhibitor,train
Lapatinib,Resveratrol,CS(=O)(=O)CCNCC1=CC=C(O1)C2=CC3=C(C=C2)N=CN=C3NC4=CC(=C(C=C4)OCC5=CC(=CC=C5)F)Cl,C1=CC(=CC=C1/C=C/C2=CC(=CC(=C2)O)O)O,1,-1.8,EGFR_inhibitor,train
Ifosfamide,Kaempferol,C1CN(P(=O)(OC1)NCCCl)CCCl,C1=CC(=CC=C1C2=C(C(=O)C3=C(C=C(C=C3O2)O)O)O)O,1,16.7,alkylating_agent,train
Mercaptopurine,Epicatechin,C1=NC2=C(N1)C(=S)N=CN2,C1[C@H]([C@H](OC2=CC(=CC(=C21)O)O)C3=CC(=C(C=C3)O)O)O,0,0.0,antimetabolite,train
Bazedoxifene,Naringenin,CC1=C(N(C2=C1C=C(C=C2)O)CC3=CC=C(C=C3)OCCN4CCCCCC4)C5=CC=C(C=C5)O,C1[C@H](OC2=CC(=CC(=C2C1=O)O)O)C3=CC=C(C=C3)O,0,0.0,SERM,train
Lenvatinib,Quercetin,COC1=CC2=NC=CC(=C2C=C1C(=O)N)OC3=CC(=C(C=C3)NC(=O)NC4CC4)Cl,C1=CC(=C(C=C1C2=C(C(=O)C3=C(C=C(C=C3O2)O)O)O)O)O,0,0.0,multikinase_inhibitor,train
Afatinib,Catechin,CN(C)C/C=C/C(=O)NC1=C(C=C2C(=C1)C(=NC=N2)NC3=CC(=C(C=C3)F)Cl)O[C@H]4CCOC4,C1[C@@H]([C@H](OC2=CC(=CC(=C21)O)O)C3=CC(=C(C=C3)O)O)O,1,-2.0,EGFR_inhibitor,train
Regorafenib,Caffeine,CNC(=O)C1=NC=CC(=C1)OC2=CC(=C(C=C2)NC(=O)NC3=CC(=C(C=C3)Cl)C(F)(F)F)F,CN1C=NC2=C1C(=O)N(C(=O)N2C)C,2,74.6,multikinase_inhibitor,train
Bazedoxifene,Piperine,CC1=C(N(C2=C1C=C(C=C2)O)CC3=CC=C(C=C3)OCCN4CCCCCC4)C5=CC=C(C=C5)O,C1CCN(CC1)C(=O)/C=C/C=C/C2=CC3=C(C=C2)OCO3,0,0.0,SERM,train
Gefitinib,Sulforaphane,COC1=C(C=C2C(=C1)N=CN=C2NC3=CC(=C(C=C3)F)Cl)OCCCN4CCOCC4,CS(=O)CCCCN=C=S,0,0.0,EGFR_inhibitor,train
Carmustine,Allicin,C(CCl)NC(=O)N(CCCl)N=O,C=CCSS(=O)CC=C,1,-2.9,alkylating_agent,train
Cyclophosphamide,Curcumin,C1CNP(=O)(OC1)N(CCCl)CCCl,COC1=C(C=CC(=C1)/C=C/C(=O)CC(=O)/C=C/C2=CC(=C(C=C2)O)OC)O,0,0.0,alkylating_agent,train
Cabozantinib,Curcumin,COC1=CC2=C(C=CN=C2C=C1OC)OC3=CC=C(C=C3)NC(=O)C4(CC4)C(=O)NC5=CC=C(C=C5)F,COC1=C(C=CC(=C1)/C=C/C(=O)CC(=O)/C=C/C2=CC(=C(C=C2)O)OC)O,1,-0.2,multikinase_inhibitor,train
Bosutinib,Quercetin,CN1CCN(CC1)CCCOC2=C(C=C3C(=C2)N=CC(=C3NC4=CC(=C(C=C4Cl)Cl)OC)C#N)OC,C1=CC(=C(C=C1C2=C(C(=O)C3=C(C=C(C=C3O2)O)O)O)O)O,2,-40.5,BCR-ABL_inhibitor,train
Melphalan,Catechin,C1=CC(=CC=C1C[C@@H](C(=O)O)N)N(CCCl)CCCl,C1[C@@H]([C@H](OC2=CC(=CC(=C21)O)O)C3=CC(=C(C=C3)O)O)O,1,-2.3,alkylating_agent,unseen
Pazopanib,Piperine,CC1=C(C=C(C=C1)NC2=NC=CC(=N2)N(C)C3=CC4=NN(C(=C4C=C3)C)C)S(=O)(=O)N,C1CCN(CC1)C(=O)/C=C/C=C/C2=CC3=C(C=C2)OCO3,2,30.6,multikinase_inhibitor,train
Melphalan,Folate,C1=CC(=CC=C1C[C@@H](C(=O)O)N)N(CCCl)CCCl,C1=CC(=CC=C1C(=O)N[C@H](CCC(=O)O)C(=O)O)NCC2=CN=C3C(=N2)C(=O)NC(=N3)N,1,-7.1,alkylating_agent,unseen
Raloxifene,Folate,C1CCN(CC1)CCOC2=CC=C(C=C2)C(=O)C3=C(SC4=C3C=CC(=C4)O)C5=CC=C(C=C5)O,C1=CC(=CC=C1C(=O)N[C@H](CCC(=O)O)C(=O)O)NCC2=CN=C3C(=N2)C(=O)NC(=N3)N,2,-30.8,SERM,train
Nilotinib,Myricetin,CC1=C(C=C(C=C1)C(=O)NC2=CC(=CC(=C2)C(F)(F)F)N3C=C(N=C3)C)NC4=NC=CC(=N4)C5=CN=CC=C5,C1=C(C=C(C(=C1O)O)O)C2=C(C(=O)C3=C(C=C(C=C3O2)O)O)O,1,-4.0,BCR-ABL_inhibitor,unseen
Ifosfamide,Sulforaphane,C1CN(P(=O)(OC1)NCCCl)CCCl,CS(=O)CCCCN=C=S,1,1.4,alkylating_agent,train
Sorafenib,Myricetin,CNC(=O)C1=NC=CC(=C1)OC2=CC=C(C=C2)NC(=O)NC3=CC(=C(C=C3)Cl)C(F)(F)F,C1=C(C=C(C(=C1O)O)O)C2=C(C(=O)C3=C(C=C(C=C3O2)O)O)O,0,-0.0,multikinase_inhibitor,train
Capecitabine,Piperine,CCCCCOC(=O)NC1=NC(=O)N(C=C1F)[C@H]2[C@@H]([C@@H]([C@H](O2)C)O)O,C1CCN(CC1)C(=O)/C=C/C=C/C2=CC3=C(C=C2)OCO3,0,0.0,antimetabolite,unseen
Pazopanib,Caffeine,CC1=C(C=C(C=C1)NC2=NC=CC(=N2)N(C)C3=CC4=NN(C(=C4C=C3)C)C)S(=O)(=O)N,CN1C=NC2=C1C(=O)N(C(=O)N2C)C,2,53.7,multikinase_inhibitor,train
Cyclophosphamide,Theophylline,C1CNP(=O)(OC1)N(CCCl)CCCl,CN1C2=C(C(=O)N(C1=O)C)NC=N2,1,-13.1,alkylating_agent,train
Methotrexate,Quercetin,CN(CC1=CN=C2C(=N1)C(=NC(=N2)N)N)C3=CC=C(C=C3)C(=O)N[C@@H](CCC(=O)O)C(=O)O,C1=CC(=C(C=C1C2=C(C(=O)C3=C(C=C(C=C3O2)O)O)O)O)O,0,0.0,antimetabolite,train
Sorafenib,Folate,CNC(=O)C1=NC=CC(=C1)OC2=CC=C(C=C2)NC(=O)NC3=CC(=C(C=C3)Cl)C(F)(F)F,C1=CC(=CC=C1C(=O)N[C@H](CCC(=O)O)C(=O)O)NCC2=CN=C3C(=N2)C(=O)NC(=N3)N,0,0.0,multikinase_inhibitor,unseen
Cytarabine,Apigenin,C1=CN(C(=O)N=C1N)[C@H]2[C@H]([C@@H]([C@H](O2)CO)O)O,C1=CC(=CC=C1C2=CC(=O)C3=C(C=C(C=C3O2)O)O)O,0,0.0,antimetabolite,train
Fluorouracil,Theobromine,C1=C(C(=O)NC(=O)N1)F,CN1C=NC2=C1C(=O)NC(=O)N2C,1,2.9,antimetabolite,train
Lenvatinib,Theophylline,COC1=CC2=NC=CC(=C2C=C1C(=O)N)OC3=CC(=C(C=C3)NC(=O)NC4CC4)Cl,CN1C2=C(C(=O)N(C1=O)C)NC=N2,1,6.0,multikinase_inhibitor,train
Radotinib,Luteolin,CC1=C(C=C(C=C1)C(=O)NC2=CC(=CC(=C2)C(F)(F)F)N3C=C(N=C3)C)NC4=NC=CC(=N4)C5=NC=CN=C5,C1=CC(=C(C=C1C2=CC(=O)C3=C(C=C(C=C3O2)O)O)O)O,2,-56.0,BCR-ABL_inhibitor,unseen
Vandetanib,Kaempferol,CN1CCC(CC1)COC2=C(C=C3C(=C2)N=CN=C3NC4=C(C=C(C=C4)Br)F)OC,C1=CC(=CC=C1C2=C(C(=O)C3=C(C=C(C=C3O2)O)O)O)O,0,0.0,EGFR_inhibitor,train
Cabozantinib,Sulforaphane,COC1=CC2=C(C=CN=C2C=C1OC)OC3=CC=C(C=C3)NC(=O)C4(CC4)C(=O)NC5=CC=C(C=C5)F,CS(=O)CCCCN=C=S,2,-35.0,multikinase_inhibitor,train
Sunitinib,Hesperidin,CCN(CC)CCNC(=O)C1=C(NC(=C1C)/C=C\2/C3=C(C=CC(=C3)F)NC2=O)C,C[C@H]1[C@@H]([C@H]([C@H]([C@@H](O1)OC[C@@H]2[C@H]([C@@H]([C@H]([C@@H](O2)OC3=CC(=C4C(=O)C[C@H](OC4=C3)C5=CC(=C(C=C5)OC)O)O)O)O)O)O)O)O,1,7.9,multikinase_inhibitor,train
Navitoclax,Caffeine,CC1(CCC(=C(C1)CN2CCN(CC2)C3=CC=C(C=C3)C(=O)NS(=O)(=O)C4=CC(=C(C=C4)N[C@H](CCN5CCOCC5)CSC6=CC=CC=C6)S(=O)(=O)C(F)(F)F)C7=CC=C(C=C7)Cl)C,CN1C=NC2=C1C(=O)N(C(=O)N2C)C,2,46.9,BCL2_inhibitor,train
Pazopanib,Catechin,CC1=C(C=C(C=C1)NC2=NC=CC(=N2)N(C)C3=CC4=NN(C(=C4C=C3)C)C)S(=O)(=O)N,C1[C@@H]([C@H](OC2=CC(=CC(=C21)O)O)C3=CC(=C(C=C3)O)O)O,1,-11.4,multikinase_inhibitor,train
Palbociclib,Kaempferol,CC1=C(C(=O)N(C2=NC(=NC=C12)NC3=NC=C(C=C3)N4CCNCC4)C5CCCC5)C(=O)C,C1=CC(=CC=C1C2=C(C(=O)C3=C(C=C(C=C3O2)O)O)O)O,1,4.8,CDK4_inhibitor,train
Gefitinib,Folate,COC1=C(C=C2C(=C1)N=CN=C2NC3=CC(=C(C=C3)F)Cl)OCCCN4CCOCC4,C1=CC(=CC=C1C(=O)N[C@H](CCC(=O)O)C(=O)O)NCC2=CN=C3C(=N2)C(=O)NC(=N3)N,1,15.7,EGFR_inhibitor,unseen
Busulfan,Folate,CS(=O)(=O)OCCCCOS(=O)(=O)C,C1=CC(=CC=C1C(=O)N[C@H](CCC(=O)O)C(=O)O)NCC2=CN=C3C(=N2)C(=O)NC(=N3)N,1,-3.1,alkylating_agent,unseen
Busulfan,Piperine,CS(=O)(=O)OCCCCOS(=O)(=O)C,C1CCN(CC1)C(=O)/C=C/C=C/C2=CC3=C(C=C2)OCO3,0,0.0,alkylating_agent,train
Navitoclax,Quercetin,CC1(CCC(=C(C1)CN2CCN(CC2)C3=CC=C(C=C3)C(=O)NS(=O)(=O)C4=CC(=C(C=C4)N[C@H](CCN5CCOCC5)CSC6=CC=CC=C6)S(=O)(=O)C(F)(F)F)C7=CC=C(C=C7)Cl)C,C1=CC(=C(C=C1C2=C(C(=O)C3=C(C=C(C=C3O2)O)O)O)O)O,2,-38.3,BCL2_inhibitor,train
Palbociclib,Theobromine,CC1=C(C(=O)N(C2=NC(=NC=C12)NC3=NC=C(C=C3)N4CCNCC4)C5CCCC5)C(=O)C,CN1C=NC2=C1C(=O)NC(=O)N2C,2,55.1,CDK4_inhibitor,train
Radotinib,Piperine,CC1=C(C=C(C=C1)C(=O)NC2=CC(=CC(=C2)C(F)(F)F)N3C=C(N=C3)C)NC4=NC=CC(=N4)C5=NC=CN=C5,C1CCN(CC1)C(=O)/C=C/C=C/C2=CC3=C(C=C2)OCO3,2,54.7,BCR-ABL_inhibitor,train
Lapatinib,Hesperidin,CS(=O)(=O)CCNCC1=CC=C(O1)C2=CC3=C(C=C2)N=CN=C3NC4=CC(=C(C=C4)OCC5=CC(=CC=C5)F)Cl,C[C@H]1[C@@H]([C@H]([C@H]([C@@H](O1)OC[C@@H]2[C@H]([C@@H]([C@H]([C@@H](O2)OC3=CC(=C4C(=O)C[C@H](OC4=C3)C5=CC(=C(C=C5)OC)O)O)O)O)O)O)O)O,1,17.2,EGFR_inhibitor,train
Sunitinib,Folate,CCN(CC)CCNC(=O)C1=C(NC(=C1C)/C=C\2/C3=C(C=CC(=C3)F)NC2=O)C,C1=CC(=CC=C1C(=O)N[C@H](CCC(=O)O)C(=O)O)NCC2=CN=C3C(=N2)C(=O)NC(=N3)N,1,9.4,multikinase_inhibitor,train
Capecitabine,Apigenin,CCCCCOC(=O)NC1=NC(=O)N(C=C1F)[C@H]2[C@@H]([C@@H]([C@H](O2)C)O)O,C1=CC(=CC=C1C2=CC(=O)C3=C(C=C(C=C3O2)O)O)O,1,-3.4,antimetabolite,train
Cabozantinib,Caffeine,COC1=CC2=C(C=CN=C2C=C1OC)OC3=CC=C(C=C3)NC(=O)C4(CC4)C(=O)NC5=CC=C(C=C5)F,CN1C=NC2=C1C(=O)N(C(=O)N2C)C,2,57.4,multikinase_inhibitor,train
Afatinib,Luteolin,CN(C)C/C=C/C(=O)NC1=C(C=C2C(=C1)C(=NC=N2)NC3=CC(=C(C=C3)F)Cl)O[C@H]4CCOC4,C1=CC(=C(C=C1C2=CC(=O)C3=C(C=C(C=C3O2)O)O)O)O,0,0.0,EGFR_inhibitor,train
Mercaptopurine,Theobromine,C1=NC2=C(N1)C(=S)N=CN2,CN1C=NC2=C1C(=O)NC(=O)N2C,1,8.7,antimetabolite,train
Navitoclax,EGCG,CC1(CCC(=C(C1)CN2CCN(CC2)C3=CC=C(C=C3)C(=O)NS(=O)(=O)C4=CC(=C(C=C4)N[C@H](CCN5CCOCC5)CSC6=CC=CC=C6)S(=O)(=O)C(F)(F)F)C7=CC=C(C=C7)Cl)C,C1[C@H]([C@H](OC2=CC(=CC(=C21)O)O)C3=CC(=C(C(=C3)O)O)O)OC(=O)C4=CC(=C(C(=C4)O)O)O,2,-37.8,BCL2_inhibitor,unseen
Raloxifene,Sulforaphane,C1CCN(CC1)CCOC2=CC=C(C=C2)C(=O)C3=C(SC4=C3C=CC(=C4)O)C5=CC=C(C=C5)O,CS(=O)CCCCN=C=S,1,1.8,SERM,train
Carmustine,Lycopene,C(CCl)NC(=O)N(CCCl)N=O,CC(=CCC/C(=C/C=C/C(=C/C=C/C(=C/C=C/C=C(/C=C/C=C(/C=C/C=C(/CCC=C(C)C)\C)\C)\C)/C)/C)/C)C,1,14.1,alkylating_agent,train
Bazedoxifene,Theophylline,CC1=C(N(C2=C1C=C(C=C2)O)CC3=CC=C(C=C3)OCCN4CCCCCC4)C5=CC=C(C=C5)O,CN1C2=C(C(=O)N(C1=O)C)NC=N2,1,-12.4,SERM,train
Sunitinib,Myricetin,CCN(CC)CCNC(=O)C1=C(NC(=C1C)/C=C\2/C3=C(C=CC(=C3)F)NC2=O)C,C1=C(C=C(C(=C1O)O)O)C2=C(C(=O)C3=C(C=C(C=C3O2)O)O)O,1,3.0,multikinase_inhibitor,train
Carmustine,Caffeine,C(CCl)NC(=O)N(CCCl)N=O,CN1C=NC2=C1C(=O)N(C(=O)N2C)C,1,-10.6,alkylating_agent,unseen
Cytarabine,Folate,C1=CN(C(=O)N=C1N)[C@H]2[C@H]([C@@H]([C@H](O2)CO)O)O,C1=CC(=CC=C1C(=O)N[C@H](CCC(=O)O)C(=O)O)NCC2=CN=C3C(=N2)C(=O)NC(=N3)N,1,-1.2,antimetabolite,train
Vandetanib,EGCG,CN1CCC(CC1)COC2=C(C=C3C(=C2)N=CN=C3NC4=C(C=C(C=C4)Br)F)OC,C1[C@H]([C@H](OC2=CC(=CC(=C21)O)O)C3=CC(=C(C(=C3)O)O)O)OC(=O)C4=CC(=C(C(=C4)O)O)O,2,-57.7,EGFR_inhibitor,train
Navitoclax,Epicatechin,CC1(CCC(=C(C1)CN2CCN(CC2)C3=CC=C(C=C3)C(=O)NS(=O)(=O)C4=CC(=C(C=C4)N[C@H](CCN5CCOCC5)CSC6=CC=CC=C6)S(=O)(=O)C(F)(F)F)C7=CC=C(C=C7)Cl)C,C1[C@H]([C@H](OC2=CC(=CC(=C21)O)O)C3=CC(=C(C=C3)O)O)O,0,0.0,BCL2_inhibitor,train
Capecitabine,Catechin,CCCCCOC(=O)NC1=NC(=O)N(C=C1F)[C@H]2[C@@H]([C@@H]([C@H](O2)C)O)O,C1[C@@H]([C@H](OC2=CC(=CC(=C21)O)O)C3=CC(=C(C=C3)O)O)O,1,-12.4,antimetabolite,train
Busulfan,Hesperidin,CS(=O)(=O)OCCCCOS(=O)(=O)C,C[C@H]1[C@@H]([C@H]([C@H]([C@@H](O1)OC[C@@H]2[C@H]([C@@H]([C@H]([C@@H](O2)OC3=CC(=C4C(=O)C[C@H](OC4=C3)C5=CC(=C(C=C5)OC)O)O)O)O)O)O)O)O,0,0.0,alkylating_agent,train
Regorafenib,Sulforaphane,CNC(=O)C1=NC=CC(=C1)OC2=CC(=C(C=C2)NC(=O)NC3=CC(=C(C=C3)Cl)C(F)(F)F)F,CS(=O)CCCCN=C=S,0,0.0,multikinase_inhibitor,train
Gemcitabine,Caffeine,C1=CN(C(=O)N=C1N)[C@H]2C([C@@H]([C@H](O2)CO)O)(F)F,CN1C=NC2=C1C(=O)N(C(=O)N2C)C,1,-8.4,antimetabolite,train
Cyclophosphamide,Quercetin,C1CNP(=O)(OC1)N(CCCl)CCCl,C1=CC(=C(C=C1C2=C(C(=O)C3=C(C=C(C=C3O2)O)O)O)O)O,1,-0.2,alkylating_agent,unseen
Pazopanib,Rutin,CC1=C(C=C(C=C1)NC2=NC=CC(=N2)N(C)C3=CC4=NN(C(=C4C=C3)C)C)S(=O)(=O)N,C[C@H]1[C@@H]([C@H]([C@H]([C@@H](O1)OC[C@@H]2[C@H]([C@@H]([C@H]([C@@H](O2)OC3=C(OC4=CC(=CC(=C4C3=O)O)O)C5=CC(=C(C=C5)O)O)O)O)O)O)O)O,1,7.0,multikinase_inhibitor,train
Gefitinib,Genistein,COC1=C(C=C2C(=C1)N=CN=C2NC3=CC(=C(C=C3)F)Cl)OCCCN4CCOCC4,C1=CC(=CC=C1C2=COC3=CC(=CC(=C3C2=O)O)O)O,1,5.6,EGFR_inhibitor,unseen
Capecitabine,Epicatechin,CCCCCOC(=O)NC1=NC(=O)N(C=C1F)[C@H]2[C@@H]([C@@H]([C@H](O2)C)O)O,C1[C@H]([C@H](OC2=CC(=CC(=C21)O)O)C3=CC(=C(C=C3)O)O)O,1,-13.0,antimetabolite,train
Tamoxifen,Caffeine,CC/C(=C(\C1=CC=CC=C1)/C2=CC=C(C=C2)OCCN(C)C)/C3=CC=CC=C3,CN1C=NC2=C1C(=O)N(C(=O)N2C)C,1,1.4,SERM,train
Obatoclax,Apigenin,CC1=CC(=C(N1)/C=C\2/C(=C/C(=C/3\C=C4C=CC=CC4=N3)/N2)OC)C,C1=CC(=CC=C1C2=CC(=O)C3=C(C=C(C=C3O2)O)O)O,0,0.0,BCL2_inhibitor,unseen
Chlorambucil,Folate,C1=CC(=CC=C1CCCC(=O)O)N(CCCl)CCCl,C1=CC(=CC=C1C(=O)N[C@H](CCC(=O)O)C(=O)O)NCC2=CN=C3C(=N2)C(=O)NC(=N3)N,1,-1.3,alkylating_agent,train
Sorafenib,Kaempferol,CNC(=O)C1=NC=CC(=C1)OC2=CC=C(C=C2)NC(=O)NC3=CC(=C(C=C3)Cl)C(F)(F)F,C1=CC(=CC=C1C2=C(C(=O)C3=C(C=C(C=C3O2)O)O)O)O,1,-3.7,multikinase_inhibitor,train
Regorafenib,Lycopene,CNC(=O)C1=NC=CC(=C1)OC2=CC(=C(C=C2)NC(=O)NC3=CC(=C(C=C3)Cl)C(F)(F)F)F,CC(=CCC/C(=C/C=C/C(=C/C=C/C(=C/C=C/C=C(/C=C/C=C(/C=C/C=C(/CCC=C(C)C)\C)\C)\C)/C)/C)/C)C,1,12.1,multikinase_inhibitor,train
Afatinib,Theobromine,CN(C)C/C=C/C(=O)NC1=C(C=C2C(=C1)C(=NC=N2)NC3=CC(=C(C=C3)F)Cl)O[C@H]4CCOC4,CN1C=NC2=C1C(=O)NC(=O)N2C,2,46.7,EGFR_inhibitor,train
Chlorambucil,Hesperidin,C1=CC(=CC=C1CCCC(=O)O)N(CCCl)CCCl,C[C@H]1[C@@H]([C@H]([C@H]([C@@H](O1)OC[C@@H]2[C@H]([C@@H]([C@H]([C@@H](O2)OC3=CC(=C4C(=O)C[C@H](OC4=C3)C5=CC(=C(C=C5)OC)O)O)O)O)O)O)O)O,1,1.8,alkylating_agent,train
Afatinib,Myricetin,CN(C)C/C=C/C(=O)NC1=C(C=C2C(=C1)C(=NC=N2)NC3=CC(=C(C=C3)F)Cl)O[C@H]4CCOC4,C1=C(C=C(C(=C1O)O)O)C2=C(C(=O)C3=C(C=C(C=C3O2)O)O)O,1,9.2,EGFR_inhibitor,train
Venetoclax,Resveratrol,CC1(CCC(=C(C1)C2=CC=C(C=C2)Cl)CN3CCN(CC3)C4=CC(=C(C=C4)C(=O)NS(=O)(=O)C5=CC(=C(C=C5)NCC6CCOCC6)[N+](=O)[O-])OC7=CN=C8C(=C7)C=CN8)C,C1=CC(=CC=C1/C=C/C2=CC(=CC(=C2)O)O)O,0,0.0,BCL2_inhibitor,train
Pazopanib,Curcumin,CC1=C(C=C(C=C1)NC2=NC=CC(=N2)N(C)C3=CC4=NN(C(=C4C=C3)C)C)S(=O)(=O)N,COC1=C(C=CC(=C1)/C=C/C(=O)CC(=O)/C=C/C2=CC(=C(C=C2)O)OC)O,1,3.6,multikinase_inhibitor,train
Afatinib,Piperine,CN(C)C/C=C/C(=O)NC1=C(C=C2C(=C1)C(=NC=N2)NC3=CC(=C(C=C3)F)Cl)O[C@H]4CCOC4,C1CCN(CC1)C(=O)/C=C/C=C/C2=CC3=C(C=C2)OCO3,2,58.1,EGFR_inhibitor,train
Obatoclax,Sulforaphane,CC1=CC(=C(N1)/C=C\2/C(=C/C(=C/3\C=C4C=CC=CC4=N3)/N2)OC)C,CS(=O)CCCCN=C=S,2,-51.6,BCL2_inhibitor,train
Lapatinib,Theobromine,CS(=O)(=O)CCNCC1=CC=C(O1)C2=CC3=C(C=C2)N=CN=C3NC4=CC(=C(C=C4)OCC5=CC(=CC=C5)F)Cl,CN1C=NC2=C1C(=O)NC(=O)N2C,2,58.7,EGFR_inhibitor,unseen
Chlorambucil,Theophylline,C1=CC(=CC=C1CCCC(=O)O)N(CCCl)CCCl,CN1C2=C(C(=O)N(C1=O)C)NC=N2,1,-4.2,alkylating_agent,train
Osimertinib,Theophylline,CN1C=C(C2=CC=CC=C21)C3=NC(=NC=C3)NC4=C(C=C(C(=C4)NC(=O)C=C)N(C)CCN(C)C)OC,CN1C2=C(C(=O)N(C1=O)C)NC=N2,1,-11.5,EGFR_inhibitor,train
Obatoclax,Theophylline,CC1=CC(=C(N1)/C=C\2/C(=C/C(=C/3\C=C4C=CC=CC4=N3)/N2)OC)C,CN1C2=C(C(=O)N(C1=O)C)NC=N2,1,2.6,BCL2_inhibitor,train
Nilotinib,Kaempferol,CC1=C(C=C(C=C1)C(=O)NC2=CC(=CC(=C2)C(F)(F)F)N3C=C(N=C3)C)NC4=NC=CC(=N4)C5=CN=CC=C5,C1=CC(=CC=C1C2=C(C(=O)C3=C(C=C(C=C3O2)O)O)O)O,1,6.7,BCR-ABL_inhibitor,unseen
Dasatinib,Caffeine,CC1=C(C(=CC=C1)Cl)NC(=O)C2=CN=C(S2)NC3=CC(=NC(=N3)C)N4CCN(CC4)CCO,CN1C=NC2=C1C(=O)N(C(=O)N2C)C,0,0.0,BCR-ABL_inhibitor,train
Chlorambucil,EGCG,C1=CC(=CC=C1CCCC(=O)O)N(CCCl)CCCl,C1[C@H]([C@H](OC2=CC(=CC(=C21)O)O)C3=CC(=C(C(=C3)O)O)O)OC(=O)C4=CC(=C(C(=C4)O)O)O,0,0.0,alkylating_agent,train
Vandetanib,Theophylline,CN1CCC(CC1)COC2=C(C=C3C(=C2)N=CN=C3NC4=C(C=C(C=C4)Br)F)OC,CN1C2=C(C(=O)N(C1=O)C)NC=N2,1,-7.2,EGFR_inhibitor,unseen
Dasatinib,Piperine,CC1=C(C(=CC=C1)Cl)NC(=O)C2=CN=C(S2)NC3=CC(=NC(=N3)C)N4CCN(CC4)CCO,C1CCN(CC1)C(=O)/C=C/C=C/C2=CC3=C(C=C2)OCO3,2,38.9,BCR-ABL_inhibitor,train
Lapatinib,Curcumin,CS(=O)(=O)CCNCC1=CC=C(O1)C2=CC3=C(C=C2)N=CN=C3NC4=CC(=C(C=C4)OCC5=CC(=CC=C5)F)Cl,COC1=C(C=CC(=C1)/C=C/C(=O)CC(=O)/C=C/C2=CC(=C(C=C2)O)OC)O,1,-8.8,EGFR_inhibitor,train
Melphalan,Hesperidin,C1=CC(=CC=C1C[C@@H](C(=O)O)N)N(CCCl)CCCl,C[C@H]1[C@@H]([C@H]([C@H]([C@@H](O1)OC[C@@H]2[C@H]([C@@H]([C@H]([C@@H](O2)OC3=CC(=C4C(=O)C[C@H](OC4=C3)C5=CC(=C(C=C5)OC)O)O)O)O)O)O)O)O,1,0.7,alkylating_agent,unseen
Dasatinib,Catechin,CC1=C(C(=CC=C1)Cl)NC(=O)C2=CN=C(S2)NC3=CC(=NC(=N3)C)N4CCN(CC4)CCO,C1[C@@H]([C@H](OC2=CC(=CC(=C21)O)O)C3=CC(=C(C=C3)O)O)O,1,-4.4,BCR-ABL_inhibitor,train
Sorafenib,Rutin,CNC(=O)C1=NC=CC(=C1)OC2=CC=C(C=C2)NC(=O)NC3=CC(=C(C=C3)Cl)C(F)(F)F,C[C@H]1[C@@H]([C@H]([C@H]([C@@H](O1)OC[C@@H]2[C@H]([C@@H]([C@H]([C@@H](O2)OC3=C(OC4=CC(=CC(=C4C3=O)O)O)C5=CC(=C(C=C5)O)O)O)O)O)O)O)O,0,0.0,multikinase_inhibitor,train
Bosutinib,Luteolin,CN1CCN(CC1)CCCOC2=C(C=C3C(=C2)N=CC(=C3NC4=CC(=C(C=C4Cl)Cl)OC)C#N)OC,C1=CC(=C(C=C1C2=CC(=O)C3=C(C=C(C=C3O2)O)O)O)O,0,0.0,BCR-ABL_inhibitor,train
Cytarabine,Myricetin,C1=CN(C(=O)N=C1N)[C@H]2[C@H]([C@@H]([C@H](O2)CO)O)O,C1=C(C=C(C(=C1O)O)O)C2=C(C(=O)C3=C(C=C(C=C3O2)O)O)O,0,0.0,antimetabolite,train
Capecitabine,Hesperidin,CCCCCOC(=O)NC1=NC(=O)N(C=C1F)[C@H]2[C@@H]([C@@H]([C@H](O2)C)O)O,C[C@H]1[C@@H]([C@H]([C@H]([C@@H](O1)OC[C@@H]2[C@H]([C@@H]([C@H]([C@@H](O2)OC3=CC(=C4C(=O)C[C@H](OC4=C3)C5=CC(=C(C=C5)OC)O)O)O)O)O)O)O)O,1,10.8,antimetabolite,train
Obatoclax,Lycopene,CC1=CC(=C(N1)/C=C\2/C(=C/C(=C/3\C=C4C=CC=CC4=N3)/N2)OC)C,CC(=CCC/C(=C/C=C/C(=C/C=C/C(=C/C=C/C=C(/C=C/C=C(/C=C/C=C(/CCC=C(C)C)\C)\C)\C)/C)/C)/C)C,1,-3.1,BCL2_inhibitor,train
Gemcitabine,Resveratrol,C1=CN(C(=O)N=C1N)[C@H]2C([C@@H]([C@H](O2)CO)O)(F)F,C1=CC(=CC=C1/C=C/C2=CC(=CC(=C2)O)O)O,1,-4.0,antimetabolite,train
Lapatinib,Rutin,CS(=O)(=O)CCNCC1=CC=C(O1)C2=CC3=C(C=C2)N=CN=C3NC4=CC(=C(C=C4)OCC5=CC(=CC=C5)F)Cl,C[C@H]1[C@@H]([C@H]([C@H]([C@@H](O1)OC[C@@H]2[C@H]([C@@H]([C@H]([C@@H](O2)OC3=C(OC4=CC(=CC(=C4C3=O)O)O)C5=CC(=C(C=C5)O)O)O)O)O)O)O)O,1,-9.5,EGFR_inhibitor,train
Ifosfamide,Piperine,C1CN(P(=O)(OC1)NCCCl)CCCl,C1CCN(CC1)C(=O)/C=C/C=C/C2=CC3=C(C=C2)OCO3,1,-0.3,alkylating_agent,unseen
Capecitabine,Quercetin,CCCCCOC(=O)NC1=NC(=O)N(C=C1F)[C@H]2[C@@H]([C@@H]([C@H](O2)C)O)O,C1=CC(=C(C=C1C2=C(C(=O)C3=C(C=C(C=C3O2)O)O)O)O)O,1,8.3,antimetabolite,train
Pazopanib,Allicin,CC1=C(C=C(C=C1)NC2=NC=CC(=N2)N(C)C3=CC4=NN(C(=C4C=C3)C)C)S(=O)(=O)N,C=CCSS(=O)CC=C,2,40.2,multikinase_inhibitor,train
Navitoclax,Rutin,CC1(CCC(=C(C1)CN2CCN(CC2)C3=CC=C(C=C3)C(=O)NS(=O)(=O)C4=CC(=C(C=C4)N[C@H](CCN5CCOCC5)CSC6=CC=CC=C6)S(=O)(=O)C(F)(F)F)C7=CC=C(C=C7)Cl)C,C[C@H]1[C@@H]([C@H]([C@H]([C@@H](O1)OC[C@@H]2[C@H]([C@@H]([C@H]([C@@H](O2)OC3=C(OC4=CC(=CC(=C4C3=O)O)O)C5=CC(=C(C=C5)O)O)O)O)O)O)O)O,1,-6.2,BCL2_inhibitor,unseen
Venetoclax,Theobromine,CC1(CCC(=C(C1)C2=CC=C(C=C2)Cl)CN3CCN(CC3)C4=CC(=C(C=C4)C(=O)NS(=O)(=O)C5=CC(=C(C=C5)NCC6CCOCC6)[N+](=O)[O-])OC7=CN=C8C(=C7)C=CN8)C,CN1C=NC2=C1C(=O)NC(=O)N2C,2,38.8,BCL2_inhibitor,train
Nilotinib,Allicin,CC1=C(C=C(C=C1)C(=O)NC2=CC(=CC(=C2)C(F)(F)F)N3C=C(N=C3)C)NC4=NC=CC(=N4)C5=CN=CC=C5,C=CCSS(=O)CC=C,1,23.7,BCR-ABL_inhibitor,train
Afatinib,Rutin,CN(C)C/C=C/C(=O)NC1=C(C=C2C(=C1)C(=NC=N2)NC3=CC(=C(C=C3)F)Cl)O[C@H]4CCOC4,C[C@H]1[C@@H]([C@H]([C@H]([C@@H](O1)OC[C@@H]2[C@H]([C@@H]([C@H]([C@@H](O2)OC3=C(OC4=CC(=CC(=C4C3=O)O)O)C5=CC(=C(C=C5)O)O)O)O)O)O)O)O,0,0.0,EGFR_inhibitor,train
Cyclophosphamide,Folate,C1CNP(=O)(OC1)N(CCCl)CCCl,C1=CC(=CC=C1C(=O)N[C@H](CCC(=O)O)C(=O)O)NCC2=CN=C3C(=N2)C(=O)NC(=N3)N,0,0.0,alkylating_agent,train
Cabozantinib,Apigenin,COC1=CC2=C(C=CN=C2C=C1OC)OC3=CC=C(C=C3)NC(=O)C4(CC4)C(=O)NC5=CC=C(C=C5)F,C1=CC(=CC=C1C2=CC(=O)C3=C(C=C(C=C3O2)O)O)O,1,-1.9,multikinase_inhibitor,train
Palbociclib,Hesperidin,CC1=C(C(=O)N(C2=NC(=NC=C12)NC3=NC=C(C=C3)N4CCNCC4)C5CCCC5)C(=O)C,C[C@H]1[C@@H]([C@H]([C@H]([C@@H](O1)OC[C@@H]2[C@H]([C@@H]([C@H]([C@@H](O2)OC3=CC(=C4C(=O)C[C@H](OC4=C3)C5=CC(=C(C=C5)OC)O)O)O)O)O)O)O)O,0,0.0,CDK4_inhibitor,train
Gemcitabine,Luteolin,C1=CN(C(=O)N=C1N)[C@H]2C([C@@H]([C@H](O2)CO)O)(F)F,C1=CC(=C(C=C1C2=CC(=O)C3=C(C=C(C=C3O2)O)O)O)O,1,2.5,antimetabolite,train
Sorafenib,Sulforaphane,CNC(=O)C1=NC=CC(=C1)OC2=CC=C(C=C2)NC(=O)NC3=CC(=C(C=C3)Cl)C(F)(F)F,CS(=O)CCCCN=C=S,2,-29.3,multikinase_inhibitor,train
Tamoxifen,Myricetin,CC/C(=C(\C1=CC=CC=C1)/C2=CC=C(C=C2)OCCN(C)C)/C3=CC=CC=C3,C1=C(C=C(C(=C1O)O)O)C2=C(C(=O)C3=C(C=C(C=C3O2)O)O)O,1,-5.5,SERM,train
Nilotinib,Quercetin,CC1=C(C=C(C=C1)C(=O)NC2=CC(=CC(=C2)C(F)(F)F)N3C=C(N=C3)C)NC4=NC=CC(=N4)C5=CN=CC=C5,C1=CC(=C(C=C1C2=C(C(=O)C3=C(C=C(C=C3O2)O)O)O)O)O,0,0.0,BCR-ABL_inhibitor,unseen
Bazedoxifene,Epicatechin,CC1=C(N(C2=C1C=C(C=C2)O)CC3=CC=C(C=C3)OCCN4CCCCCC4)C5=CC=C(C=C5)O,C1[C@H]([C@H](OC2=CC(=CC(=C21)O)O)C3=CC(=C(C=C3)O)O)O,0,0.0,SERM,train
Venetoclax,EGCG,CC1(CCC(=C(C1)C2=CC=C(C=C2)Cl)CN3CCN(CC3)C4=CC(=C(C=C4)C(=O)NS(=O)(=O)C5=CC(=C(C=C5)NCC6CCOCC6)[N+](=O)[O-])OC7=CN=C8C(=C7)C=CN8)C,C1[C@H]([C@H](OC2=CC(=CC(=C21)O)O)C3=CC(=C(C(=C3)O)O)O)OC(=O)C4=CC(=C(C(=C4)O)O)O,2,-41.3,BCL2_inhibitor,train
Carmustine,Rutin,C(CCl)NC(=O)N(CCCl)N=O,C[C@H]1[C@@H]([C@H]([C@H]([C@@H](O1)OC[C@@H]2[C@H]([C@@H]([C@H]([C@@H](O2)OC3=C(OC4=CC(=CC(=C4C3=O)O)O)C5=CC(=C(C=C5)O)O)O)O)O)O)O)O,0,0.0,alkylating_agent,train
Ponatinib,Myricetin,CC1=C(C=C(C=C1)C(=O)NC2=CC(=C(C=C2)CN3CCN(CC3)C)C(F)(F)F)C#CC4=CN=C5N4N=CC=C5,C1=C(C=C(C(=C1O)O)O)C2=C(C(=O)C3=C(C=C(C=C3O2)O)O)O,1,20.5,BCR-ABL_inhibitor,train
Cabozantinib,Luteolin,COC1=CC2=C(C=CN=C2C=C1OC)OC3=CC=C(C=C3)NC(=O)C4(CC4)C(=O)NC5=CC=C(C=C5)F,C1=CC(=C(C=C1C2=CC(=O)C3=C(C=C(C=C3O2)O)O)O)O,0,0.0,multikinase_inhibitor,train
Cabozantinib,Hesperidin,COC1=CC2=C(C=CN=C2C=C1OC)OC3=CC=C(C=C3)NC(=O)C4(CC4)C(=O)NC5=CC=C(C=C5)F,C[C@H]1[C@@H]([C@H]([C@H]([C@@H](O1)OC[C@@H]2[C@H]([C@@H]([C@H]([C@@H](O2)OC3=CC(=C4C(=O)C[C@H](OC4=C3)C5=CC(=C(C=C5)OC)O)O)O)O)O)O)O)O,0,0.0,multikinase_inhibitor,train
Lapatinib,Catechin,CS(=O)(=O)CCNCC1=CC=C(O1)C2=CC3=C(C=C2)N=CN=C3NC4=CC(=C(C=C4)OCC5=CC(=CC=C5)F)Cl,C1[C@@H]([C@H](OC2=CC(=CC(=C21)O)O)C3=CC(=C(C=C3)O)O)O,1,1.5,EGFR_inhibitor,train
Radotinib,Allicin,CC1=C(C=C(C=C1)C(=O)NC2=CC(=CC(=C2)C(F)(F)F)N3C=C(N=C3)C)NC4=NC=CC(=N4)C5=NC=CN=C5,C=CCSS(=O)CC=C,2,40.4,BCR-ABL_inhibitor,train
Bosutinib,Resveratrol,CN1CCN(CC1)CCCOC2=C(C=C3C(=C2)N=CC(=C3NC4=CC(=C(C=C4Cl)Cl)OC)C#N)OC,C1=CC(=CC=C1/C=C/C2=CC(=CC(=C2)O)O)O,0,0.0,BCR-ABL_inhibitor,train
Carmustine,Theobromine,C(CCl)NC(=O)N(CCCl)N=O,CN1C=NC2=C1C(=O)NC(=O)N2C,1,-23.0,alkylating_agent,train
Cytarabine,Hesperidin,C1=CN(C(=O)N=C1N)[C@H]2[C@H]([C@@H]([C@H](O2)CO)O)O,C[C@H]1[C@@H]([C@H]([C@H]([C@@H](O1)OC[C@@H]2[C@H]([C@@H]([C@H]([C@@H](O2)OC3=CC(=C4C(=O)C[C@H](OC4=C3)C5=CC(=C(C=C5)OC)O)O)O)O)O)O)O)O,1,-1.3,antimetabolite,unseen
Cytarabine,Lycopene,C1=CN(C(=O)N=C1N)[C@H]2[C@H]([C@@H]([C@H](O2)CO)O)O,CC(=CCC/C(=C/C=C/C(=C/C=C/C(=C/C=C/C=C(/C=C/C=C(/C=C/C=C(/CCC=C(C)C)\C)\C)\C)/C)/C)/C)C,0,0.0,antimetabolite,unseen
Navitoclax,Sulforaphane,CC1(CCC(=C(C1)CN2CCN(CC2)C3=CC=C(C=C3)C(=O)NS(=O)(=O)C4=CC(=C(C=C4)N[C@H](CCN5CCOCC5)CSC6=CC=CC=C6)S(=O)(=O)C(F)(F)F)C7=CC=C(C=C7)Cl)C,CS(=O)CCCCN=C=S,0,0.0,BCL2_inhibitor,train
Navitoclax,Myricetin,CC1(CCC(=C(C1)CN2CCN(CC2)C3=CC=C(C=C3)C(=O)NS(=O)(=O)C4=CC(=C(C=C4)N[C@H](CCN5CCOCC5)CSC6=CC=CC=C6)S(=O)(=O)C(F)(F)F)C7=CC=C(C=C7)Cl)C,C1=C(C=C(C(=C1O)O)O)C2=C(C(=O)C3=C(C=C(C=C3O2)O)O)O,1,-2.3,BCL2_inhibitor,unseen
Bosutinib,Curcumin,CN1CCN(CC1)CCCOC2=C(C=C3C(=C2)N=CC(=C3NC4=CC(=C(C=C4Cl)Cl)OC)C#N)OC,COC1=C(C=CC(=C1)/C=C/C(=O)CC(=O)/C=C/C2=CC(=C(C=C2)O)OC)O,1,10.0,BCR-ABL_inhibitor,train
Venetoclax,Luteolin,CC1(CCC(=C(C1)C2=CC=C(C=C2)Cl)CN3CCN(CC3)C4=CC(=C(C=C4)C(=O)NS(=O)(=O)C5=CC(=C(C=C5)NCC6CCOCC6)[N+](=O)[O-])OC7=CN=C8C(=C7)C=CN8)C,C1=CC(=C(C=C1C2=CC(=O)C3=C(C=C(C=C3O2)O)O)O)O,0,0.0,BCL2_inhibitor,train
Ponatinib,Lycopene,CC1=C(C=C(C=C1)C(=O)NC2=CC(=C(C=C2)CN3CCN(CC3)C)C(F)(F)F)C#CC4=CN=C5N4N=CC=C5,CC(=CCC/C(=C/C=C/C(=C/C=C/C(=C/C=C/C=C(/C=C/C=C(/C=C/C=C(/CCC=C(C)C)\C)\C)\C)/C)/C)/C)C,0,0.0,BCR-ABL_inhibitor,train
Mercaptopurine,Allicin,C1=NC2=C(N1)C(=S)N=CN2,C=CCSS(=O)CC=C,1,8.1,antimetabolite,train
Regorafenib,Genistein,CNC(=O)C1=NC=CC(=C1)OC2=CC(=C(C=C2)NC(=O)NC3=CC(=C(C=C3)Cl)C(F)(F)F)F,C1=CC(=CC=C1C2=COC3=CC(=CC(=C3C2=O)O)O)O,1,-7.1,multikinase_inhibitor,train
Vandetanib,Myricetin,CN1CCC(CC1)COC2=C(C=C3C(=C2)N=CN=C3NC4=C(C=C(C=C4)Br)F)OC,C1=C(C=C(C(=C1O)O)O)C2=C(C(=O)C3=C(C=C(C=C3O2)O)O)O,1,-2.4,EGFR_inhibitor,unseen
Gemcitabine,Theobromine,C1=CN(C(=O)N=C1N)[C@H]2C([C@@H]([C@H](O2)CO)O)(F)F,CN1C=NC2=C1C(=O)NC(=O)N2C,1,1.8,antimetabolite,train
Tamoxifen,Catechin,CC/C(=C(\C1=CC=CC=C1)/C2=CC=C(C=C2)OCCN(C)C)/C3=CC=CC=C3,C1[C@@H]([C@H](OC2=CC(=CC(=C21)O)O)C3=CC(=C(C=C3)O)O)O,1,-12.1,SERM,train
Melphalan,Rutin,C1=CC(=CC=C1C[C@@H](C(=O)O)N)N(CCCl)CCCl,C[C@H]1[C@@H]([C@H]([C@H]([C@@H](O1)OC[C@@H]2[C@H]([C@@H]([C@H]([C@@H](O2)OC3=C(OC4=CC(=CC(=C4C3=O)O)O)C5=CC(=C(C=C5)O)O)O)O)O)O)O)O,1,-4.1,alkylating_agent,train
Pazopanib,Genistein,CC1=C(C=C(C=C1)NC2=NC=CC(=N2)N(C)C3=CC4=NN(C(=C4C=C3)C)C)S(=O)(=O)N,C1=CC(=CC=C1C2=COC3=CC(=CC(=C3C2=O)O)O)O,1,0.4,multikinase_inhibitor,train
Busulfan,Quercetin,CS(=O)(=O)OCCCCOS(=O)(=O)C,C1=CC(=C(C=C1C2=C(C(=O)C3=C(C=C(C=C3O2)O)O)O)O)O,1,-3.4,alkylating_agent,train
Melphalan,Resveratrol,C1=CC(=CC=C1C[C@@H](C(=O)O)N)N(CCCl)CCCl,C1=CC(=CC=C1/C=C/C2=CC(=CC(=C2)O)O)O,1,0.7,alkylating_agent,unseen
Venetoclax,Piperine,CC1(CCC(=C(C1)C2=CC=C(C=C2)Cl)CN3CCN(CC3)C4=CC(=C(C=C4)C(=O)NS(=O)(=O)C5=CC(=C(C=C5)NCC6CCOCC6)[N+](=O)[O-])OC7=CN=C8C(=C7)C=CN8)C,C1CCN(CC1)C(=O)/C=C/C=C/C2=CC3=C(C=C2)OCO3,2,64.0,BCL2_inhibitor,unseen
Busulfan,Epicatechin,CS(=O)(=O)OCCCCOS(=O)(=O)C,C1[C@H]([C@H](OC2=CC(=CC(=C21)O)O)C3=CC(=C(C=C3)O)O)O,0,0.0,alkylating_agent,train
Mercaptopurine,Resveratrol,C1=NC2=C(N1)C(=S)N=CN2,C1=CC(=CC=C1/C=C/C2=CC(=CC(=C2)O)O)O,1,-2.0,antimetabolite,unseen
Osimertinib,Rutin,CN1C=C(C2=CC=CC=C21)C3=NC(=NC=C3)NC4=C(C=C(C(=C4)NC(=O)C=C)N(C)CCN(C)C)OC,C[C@H]1[C@@H]([C@H]([C@H]([C@@H](O1)OC[C@@H]2[C@H]([C@@H]([C@H]([C@@H](O2)OC3=C(OC4=CC(=CC(=C4C3=O)O)O)C5=CC(=C(C=C5)O)O)O)O)O)O)O)O,1,5.9,EGFR_inhibitor,train
Obatoclax,Curcumin,CC1=CC(=C(N1)/C=C\2/C(=C/C(=C/3\C=C4C=CC=CC4=N3)/N2)OC)C,COC1=C(C=CC(=C1)/C=C/C(=O)CC(=O)/C=C/C2=CC(=C(C=C2)O)OC)O,1,-3.1,BCL2_inhibitor,train
Tamoxifen,Genistein,CC/C(=C(\C1=CC=CC=C1)/C2=CC=C(C=C2)OCCN(C)C)/C3=CC=CC=C3,C1=CC(=CC=C1C2=COC3=CC(=CC(=C3C2=O)O)O)O,2,-41.8,SERM,train
Gefitinib,Apigenin,COC1=C(C=C2C(=C1)N=CN=C2NC3=CC(=C(C=C3)F)Cl)OCCCN4CCOCC4,C1=CC(=CC=C1C2=CC(=O)C3=C(C=C(C=C3O2)O)O)O,1,7.0,EGFR_inhibitor,train
Sunitinib,Resveratrol,CCN(CC)CCNC(=O)C1=C(NC(=C1C)/C=C\2/C3=C(C=CC(=C3)F)NC2=O)C,C1=CC(=CC=C1/C=C/C2=CC(=CC(=C2)O)O)O,1,2.8,multikinase_inhibitor,train
Ospemifene,Naringenin,C1=CC=C(C=C1)/C(=C(/C2=CC=CC=C2)\C3=CC=C(C=C3)OCCO)/CCCl,C1[C@H](OC2=CC(=CC(=C2C1=O)O)O)C3=CC=C(C=C3)O,1,-13.6,SERM,train
Ifosfamide,Luteolin,C1CN(P(=O)(OC1)NCCCl)CCCl,C1=CC(=C(C=C1C2=CC(=O)C3=C(C=C(C=C3O2)O)O)O)O,1,-18.2,alkylating_agent,train
Busulfan,Rutin,CS(=O)(=O)OCCCCOS(=O)(=O)C,C[C@H]1[C@@H]([C@H]([C@H]([C@@H](O1)OC[C@@H]2[C@H]([C@@H]([C@H]([C@@H](O2)OC3=C(OC4=CC(=CC(=C4C3=O)O)O)C5=CC(=C(C=C5)O)O)O)O)O)O)O)O,1,17.9,alkylating_agent,train
Fluorouracil,Piperine,C1=C(C(=O)NC(=O)N1)F,C1CCN(CC1)C(=O)/C=C/C=C/C2=CC3=C(C=C2)OCO3,1,-0.2,antimetabolite,train
Vandetanib,Curcumin,CN1CCC(CC1)COC2=C(C=C3C(=C2)N=CN=C3NC4=C(C=C(C=C4)Br)F)OC,COC1=C(C=CC(=C1)/C=C/C(=O)CC(=O)/C=C/C2=CC(=C(C=C2)O)OC)O,1,6.8,EGFR_inhibitor,train
Osimertinib,Resveratrol,CN1C=C(C2=CC=CC=C21)C3=NC(=NC=C3)NC4=C(C=C(C(=C4)NC(=O)C=C)N(C)CCN(C)C)OC,C1=CC(=CC=C1/C=C/C2=CC(=CC(=C2)O)O)O,1,-4.1,EGFR_inhibitor,train
Obatoclax,Luteolin,CC1=CC(=C(N1)/C=C\2/C(=C/C(=C/3\C=C4C=CC=CC4=N3)/N2)OC)C,C1=CC(=C(C=C1C2=CC(=O)C3=C(C=C(C=C3O2)O)O)O)O,2,-31.3,BCL2_inhibitor,train
Ponatinib,Kaempferol,CC1=C(C=C(C=C1)C(=O)NC2=CC(=C(C=C2)CN3CCN(CC3)C)C(F)(F)F)C#CC4=CN=C5N4N=CC=C5,C1=CC(=CC=C1C2=C(C(=O)C3=C(C=C(C=C3O2)O)O)O)O,1,-2.2,BCR-ABL_inhibitor,unseen
Radotinib,Kaempferol,CC1=C(C=C(C=C1)C(=O)NC2=CC(=CC(=C2)C(F)(F)F)N3C=C(N=C3)C)NC4=NC=CC(=N4)C5=NC=CN=C5,C1=CC(=CC=C1C2=C(C(=O)C3=C(C=C(C=C3O2)O)O)O)O,1,4.9,BCR-ABL_inhibitor,train
Vandetanib,Caffeine,CN1CCC(CC1)COC2=C(C=C3C(=C2)N=CN=C3NC4=C(C=C(C=C4)Br)F)OC,CN1C=NC2=C1C(=O)N(C(=O)N2C)C,2,33.5,EGFR_inhibitor,train
Osimertinib,Myricetin,CN1C=C(C2=CC=CC=C21)C3=NC(=NC=C3)NC4=C(C=C(C(=C4)NC(=O)C=C)N(C)CCN(C)C)OC,C1=C(C=C(C(=C1O)O)O)C2=C(C(=O)C3=C(C=C(C=C3O2)O)O)O,0,0.0,EGFR_inhibitor,train
Venetoclax,Folate,CC1(CCC(=C(C1)C2=CC=C(C=C2)Cl)CN3CCN(CC3)C4=CC(=C(C=C4)C(=O)NS(=O)(=O)C5=CC(=C(C=C5)NCC6CCOCC6)[N+](=O)[O-])OC7=CN=C8C(=C7)C=CN8)C,C1=CC(=CC=C1C(=O)N[C@H](CCC(=O)O)C(=O)O)NCC2=CN=C3C(=N2)C(=O)NC(=N3)N,0,0.0,BCL2_inhibitor,train
Imatinib,Theophylline,CC1=C(C=C(C=C1)NC(=O)C2=CC=C(C=C2)CN3CCN(CC3)C)NC4=NC=CC(=N4)C5=CN=CC=C5,CN1C2=C(C(=O)N(C1=O)C)NC=N2,1,-14.4,BCR-ABL_inhibitor,train
Ifosfamide,Folate,C1CN(P(=O)(OC1)NCCCl)CCCl,C1=CC(=CC=C1C(=O)N[C@H](CCC(=O)O)C(=O)O)NCC2=CN=C3C(=N2)C(=O)NC(=N3)N,1,-6.0,alkylating_agent,train
Bazedoxifene,EGCG,CC1=C(N(C2=C1C=C(C=C2)O)CC3=CC=C(C=C3)OCCN4CCCCCC4)C5=CC=C(C=C5)O,C1[C@H]([C@H](OC2=CC(=CC(=C21)O)O)C3=CC(=C(C(=C3)O)O)O)OC(=O)C4=CC(=C(C(=C4)O)O)O,1,1.3,SERM,train
Chlorambucil,Curcumin,C1=CC(=CC=C1CCCC(=O)O)N(CCCl)CCCl,COC1=C(C=CC(=C1)/C=C/C(=O)CC(=O)/C=C/C2=CC(=C(C=C2)O)OC)O,2,32.9,alkylating_agent,train
Tamoxifen,Theophylline,CC/C(=C(\C1=CC=CC=C1)/C2=CC=C(C=C2)OCCN(C)C)/C3=CC=CC=C3,CN1C2=C(C(=O)N(C1=O)C)NC=N2,1,-2.2,SERM,train
Cyclophosphamide,Myricetin,C1CNP(=O)(OC1)N(CCCl)CCCl,C1=C(C=C(C(=C1O)O)O)C2=C(C(=O)C3=C(C=C(C=C3O2)O)O)O,0,0.0,alkylating_agent,train
Busulfan,EGCG,CS(=O)(=O)OCCCCOS(=O)(=O)C,C1[C@H]([C@H](OC2=CC(=CC(=C21)O)O)C3=CC(=C(C(=C3)O)O)O)OC(=O)C4=CC(=C(C(=C4)O)O)O,1,9.8,alkylating_agent,train
Cytarabine,Resveratrol,C1=CN(C(=O)N=C1N)[C@H]2[C@H]([C@@H]([C@H](O2)CO)O)O,C1=CC(=CC=C1/C=C/C2=CC(=CC(=C2)O)O)O,0,0.0,antimetabolite,unseen
Ospemifene,Lycopene,C1=CC=C(C=C1)/C(=C(/C2=CC=CC=C2)\C3=CC=C(C=C3)OCCO)/CCCl,CC(=CCC/C(=C/C=C/C(=C/C=C/C(=C/C=C/C=C(/C=C/C=C(/C=C/C=C(/CCC=C(C)C)\C)\C)\C)/C)/C)/C)C,1,3.3,SERM,train
Palbociclib,Resveratrol,CC1=C(C(=O)N(C2=NC(=NC=C12)NC3=NC=C(C=C3)N4CCNCC4)C5CCCC5)C(=O)C,C1=CC(=CC=C1/C=C/C2=CC(=CC(=C2)O)O)O,1,2.6,CDK4_inhibitor,train
Sorafenib,Naringenin,CNC(=O)C1=NC=CC(=C1)OC2=CC=C(C=C2)NC(=O)NC3=CC(=C(C=C3)Cl)C(F)(F)F,C1[C@H](OC2=CC(=CC(=C2C1=O)O)O)C3=CC=C(C=C3)O,2,54.9,multikinase_inhibitor,train
Obatoclax,Kaempferol,CC1=CC(=C(N1)/C=C\2/C(=C/C(=C/3\C=C4C=CC=CC4=N3)/N2)OC)C,C1=CC(=CC=C1C2=C(C(=O)C3=C(C=C(C=C3O2)O)O)O)O,1,12.5,BCL2_inhibitor,train
Lenvatinib,Myricetin,COC1=CC2=NC=CC(=C2C=C1C(=O)N)OC3=CC(=C(C=C3)NC(=O)NC4CC4)Cl,C1=C(C=C(C(=C1O)O)O)C2=C(C(=O)C3=C(C=C(C=C3O2)O)O)O,1,5.0,multikinase_inhibitor,train
Venetoclax,Epicatechin,CC1(CCC(=C(C1)C2=CC=C(C=C2)Cl)CN3CCN(CC3)C4=CC(=C(C=C4)C(=O)NS(=O)(=O)C5=CC(=C(C=C5)NCC6CCOCC6)[N+](=O)[O-])OC7=CN=C8C(=C7)C=CN8)C,C1[C@H]([C@H](OC2=CC(=CC(=C21)O)O)C3=CC(=C(C=C3)O)O)O,1,-3.0,BCL2_inhibitor,train
Lenvatinib,Luteolin,COC1=CC2=NC=CC(=C2C=C1C(=O)N)OC3=CC(=C(C=C3)NC(=O)NC4CC4)Cl,C1=CC(=C(C=C1C2=CC(=O)C3=C(C=C(C=C3O2)O)O)O)O,2,-39.7,multikinase_inhibitor,train
Lenvatinib,Allicin,COC1=CC2=NC=CC(=C2C=C1C(=O)N)OC3=CC(=C(C=C3)NC(=O)NC4CC4)Cl,C=CCSS(=O)CC=C,2,55.9,multikinase_inhibitor,train
Gemcitabine,Kaempferol,C1=CN(C(=O)N=C1N)[C@H]2C([C@@H]([C@H](O2)CO)O)(F)F,C1=CC(=CC=C1C2=C(C(=O)C3=C(C=C(C=C3O2)O)O)O)O,1,-23.5,antimetabolite,train
Afatinib,Lycopene,CN(C)C/C=C/C(=O)NC1=C(C=C2C(=C1)C(=NC=N2)NC3=CC(=C(C=C3)F)Cl)O[C@H]4CCOC4,CC(=CCC/C(=C/C=C/C(=C/C=C/C(=C/C=C/C=C(/C=C/C=C(/C=C/C=C(/CCC=C(C)C)\C)\C)\C)/C)/C)/C)C,1,11.4,EGFR_inhibitor,train
Ifosfamide,Myricetin,C1CN(P(=O)(OC1)NCCCl)CCCl,C1=C(C=C(C(=C1O)O)O)C2=C(C(=O)C3=C(C=C(C=C3O2)O)O)O,1,10.5,alkylating_agent,train
Sorafenib,Theophylline,CNC(=O)C1=NC=CC(=C1)OC2=CC=C(C=C2)NC(=O)NC3=CC(=C(C=C3)Cl)C(F)(F)F,CN1C2=C(C(=O)N(C1=O)C)NC=N2,1,-2.9,multikinase_inhibitor,train
Osimertinib,Quercetin,CN1C=C(C2=CC=CC=C21)C3=NC(=NC=C3)NC4=C(C=C(C(=C4)NC(=O)C=C)N(C)CCN(C)C)OC,C1=CC(=C(C=C1C2=C(C(=O)C3=C(C=C(C=C3O2)O)O)O)O)O,2,-29.0,EGFR_inhibitor,train
Gefitinib,Curcumin,COC1=C(C=C2C(=C1)N=CN=C2NC3=CC(=C(C=C3)F)Cl)OCCCN4CCOCC4,COC1=C(C=CC(=C1)/C=C/C(=O)CC(=O)/C=C/C2=CC(=C(C=C2)O)OC)O,1,8.8,EGFR_inhibitor,train
Lenvatinib,Apigenin,COC1=CC2=NC=CC(=C2C=C1C(=O)N)OC3=CC(=C(C=C3)NC(=O)NC4CC4)Cl,C1=CC(=CC=C1C2=CC(=O)C3=C(C=C(C=C3O2)O)O)O,1,-3.8,multikinase_inhibitor,train
Cyclophosphamide,Theobromine,C1CNP(=O)(OC1)N(CCCl)CCCl,CN1C=NC2=C1C(=O)NC(=O)N2C,0,0.0,alkylating_agent,train
Capecitabine,Theobromine,CCCCCOC(=O)NC1=NC(=O)N(C=C1F)[C@H]2[C@@H]([C@@H]([C@H](O2)C)O)O,CN1C=NC2=C1C(=O)NC(=O)N2C,1,-6.1,antimetabolite,train
Fluorouracil,Rutin,C1=C(C(=O)NC(=O)N1)F,C[C@H]1[C@@H]([C@H]([C@H]([C@@H](O1)OC[C@@H]2[C@H]([C@@H]([C@H]([C@@H](O2)OC3=C(OC4=CC(=CC(=C4C3=O)O)O)C5=CC(=C(C=C5)O)O)O)O)O)O)O)O,0,0.0,antimetabolite,train
Radotinib,Genistein,CC1=C(C=C(C=C1)C(=O)NC2=CC(=CC(=C2)C(F)(F)F)N3C=C(N=C3)C)NC4=NC=CC(=N4)C5=NC=CN=C5,C1=CC(=CC=C1C2=COC3=CC(=CC(=C3C2=O)O)O)O,1,7.0,BCR-ABL_inhibitor,train
Sorafenib,EGCG,CNC(=O)C1=NC=CC(=C1)OC2=CC=C(C=C2)NC(=O)NC3=CC(=C(C=C3)Cl)C(F)(F)F,C1[C@H]([C@H](OC2=CC(=CC(=C21)O)O)C3=CC(=C(C(=C3)O)O)O)OC(=O)C4=CC(=C(C(=C4)O)O)O,0,0.0,multikinase_inhibitor,train
Methotrexate,Piperine,CN(CC1=CN=C2C(=N1)C(=NC(=N2)N)N)C3=CC=C(C=C3)C(=O)N[C@@H](CCC(=O)O)C(=O)O,C1CCN(CC1)C(=O)/C=C/C=C/C2=CC3=C(C=C2)OCO3,1,-8.0,antimetabolite,train
Erlotinib,Piperine,COCCOC1=C(C=C2C(=C1)C(=NC=N2)NC3=CC=CC(=C3)C#C)OCCOC,C1CCN(CC1)C(=O)/C=C/C=C/C2=CC3=C(C=C2)OCO3,2,34.4,EGFR_inhibitor,train
Dasatinib,Genistein,CC1=C(C(=CC=C1)Cl)NC(=O)C2=CN=C(S2)NC3=CC(=NC(=N3)C)N4CCN(CC4)CCO,C1=CC(=CC=C1C2=COC3=CC(=CC(=C3C2=O)O)O)O,1,7.5,BCR-ABL_inhibitor,train
